timestamp_ms,ax_g,ay_g,az_g,label
1824,0.1887,-0.3751,0.9084,1
1834,0.2072,-0.3737,0.9018,1
1844,0.2433,-0.3666,0.8713,1
1854,0.2926,-0.3556,0.8305,1
1864,0.3224,-0.3353,0.8064,1
1874,0.319,-0.3163,0.8266,1
1884,0.2804,-0.3024,0.8864,1
1894,0.2341,-0.3029,0.9384,1
1904,0.2018,-0.3124,0.9538,1
1914,0.1887,-0.338,0.936,1
1924,0.1813,-0.3707,0.9094,1
1934,0.1816,-0.4,0.874,1
1944,0.2028,-0.4164,0.8325,1
1954,0.2172,-0.4159,0.8152,1
1964,0.2109,-0.4093,0.8425,1
1974,0.196,-0.3978,0.9013,1
1984,0.1865,-0.389,0.9421,1
1994,0.196,-0.3856,0.953,1
2004,0.2079,-0.3844,0.9528,1
2014,0.2275,-0.389,0.945,1
2024,0.2511,-0.3917,0.9281,1
2034,0.2707,-0.3934,0.9059,1
2044,0.2912,-0.3944,0.8742,1
2054,0.287,-0.3912,0.8601,1
2064,0.2575,-0.3922,0.873,1
2074,0.2133,-0.3973,0.8984,1
2084,0.1752,-0.4003,0.9191,1
2094,0.1535,-0.4061,0.9218,1
2104,0.1567,-0.4095,0.9008,1
2114,0.1769,-0.4078,0.871,1
2124,0.2045,-0.3929,0.8481,1
2134,0.2238,-0.3678,0.8525,1
2144,0.225,-0.3422,0.8806,1
2154,0.2223,-0.3234,0.9135,1
2164,0.216,-0.317,0.9321,1
2174,0.2089,-0.3322,0.9279,1
2184,0.2157,-0.3583,0.8998,1
2194,0.2209,-0.3893,0.8554,1
2204,0.2258,-0.4105,0.8298,1
2214,0.2272,-0.4159,0.8259,1
2224,0.2128,-0.4037,0.8625,1
2234,0.1982,-0.39,0.9033,1
2244,0.1999,-0.3695,0.9177,1
2254,0.217,-0.3544,0.9045,1
2264,0.2384,-0.3436,0.8793,1
2274,0.2448,-0.3456,0.8623,1
2284,0.2436,-0.3532,0.8479,1
2294,0.2333,-0.3588,0.8583,1
2304,0.214,-0.3627,0.8764,1
2314,0.1923,-0.3758,0.895,1
2324,0.1779,-0.3888,0.9091,1
2334,0.1743,-0.402,0.9072,1
2344,0.1948,-0.4112,0.8828,1
2354,0.2131,-0.4064,0.871,1
2364,0.2204,-0.4078,0.8769,1
2374,0.2294,-0.4122,0.8776,1
2384,0.2287,-0.4144,0.8896,1
2394,0.2126,-0.4173,0.9218,1
2404,0.193,-0.4122,0.9682,1
2414,0.1974,-0.3961,0.984,1
2424,-1.5695,3.0856,6.1315,1
2434,1.8348,4.8094,1.4441,1
2444,1.2845,-0.1259,-0.4347,1
2454,-1.5075,-2.6285,2.3259,1
2464,-4.3359,-2.1001,5.4979,1
2474,-2.7117,-3.1056,2.2321,1
2484,-0.615,-2.599,-0.5723,1
2494,-0.1269,-2.64,-0.8857,1
2504,-0.6973,-2.5699,0.193,1
2514,-0.7768,-2.1492,0.8859,1
2524,-0.35,-1.6545,1.0512,1
2534,0.0227,-1.1864,1.0089,1
2544,0.0098,-0.9008,1.3587,1
2554,-0.5269,-0.546,2.3212,1
2564,-0.4781,-0.2665,2.4447,1
2574,-0.2914,-0.1169,2.4037,1
2584,0.0173,0.2204,2.177,1
2594,0.2709,0.5289,1.9117,1
2604,0.4056,0.6961,1.8277,1
2614,0.4127,0.7776,1.8692,1
2624,0.5818,0.8542,1.6386,1
2634,0.7983,1.0001,1.2044,1
2644,0.9133,0.9335,0.812,1
2654,0.791,0.8095,0.6802,1
2664,0.4876,0.5816,0.7122,1
2674,0.2362,0.4032,0.7668,1
2684,-0.1938,0.2162,1.0182,1
2694,-0.3893,-0.1799,1.1105,1
2704,-0.4025,-0.349,1.0414,1
2714,-0.3575,-0.6548,1.0538,1
2724,-0.1694,-0.8003,1.005,1
2734,0.0444,-0.9443,0.9291,1
2744,0.1674,-1.0941,0.9523,1
2754,0.2204,-1.1683,1.0289,1
2764,0.2567,-1.23,1.0948,1
2774,0.3158,-1.2342,1.0983,1
2784,0.3912,-1.1829,1.0507,1
2794,0.4193,-1.0917,1.0192,1
2804,0.3729,-0.9772,1.0231,1
2814,0.2702,-0.8513,1.0585,1
2824,0.1511,-0.687,1.2052,1
2834,0.0891,-0.4796,1.3094,1
2844,0.1584,-0.2531,1.2264,1
2854,0.2416,-0.0747,1.0858,1
2864,0.276,0.0649,0.966,1
2874,0.2475,0.1374,0.9133,1
2884,0.1957,0.1769,0.872,1
2894,0.1501,0.1779,0.8195,1
2904,0.1076,0.1501,0.779,1
2914,0.0705,0.0883,0.7505,1
2924,0.0552,0.0098,0.7151,1
2934,0.0422,-0.0932,0.6997,1
2944,0.0381,-0.2301,0.7087,1
2954,0.0405,-0.3688,0.7405,1
2964,0.0561,-0.4913,0.8073,1
2974,0.0854,-0.5975,0.894,1
2984,0.1501,-0.6743,0.9584,1
2994,0.2426,-0.7146,0.9848,1
3004,0.3351,-0.7324,0.9967,1
3014,0.3954,-0.7317,1.0204,1
3024,0.423,-0.7117,1.0453,1
3034,0.4354,-0.6709,1.046,1
3044,0.4256,-0.6079,1.0314,1
3054,0.38,-0.5438,1.0204,1
3064,0.3024,-0.482,1.0082,1
3074,0.216,-0.43,0.9757,1
3084,0.1481,-0.3795,0.9138,1
3094,0.0969,-0.3353,0.8439,1
3104,0.0654,-0.2916,0.7798,1
3114,0.0459,-0.2467,0.7519,1
3124,0.0398,-0.2101,0.7546,1
3134,0.042,-0.1877,0.7722,1
3144,0.0569,-0.1899,0.802,1
3154,0.0764,-0.214,0.8232,1
3164,0.1264,-0.2546,0.8203,1
3174,0.1789,-0.2977,0.8222,1
3184,0.2184,-0.3475,0.8413,1
3194,0.247,-0.3971,0.8808,1
3204,0.2502,-0.4474,0.9299,1
3214,0.2477,-0.494,0.9753,1
3224,0.2553,-0.5284,0.9911,1
3234,0.2763,-0.5406,0.9745,1
3244,0.2968,-0.5367,0.9382,1
3254,0.297,-0.5247,0.903,1
3264,0.257,-0.5111,0.9025,1
3274,0.1962,-0.4989,0.9086,1
3284,0.1525,-0.4818,0.8957,1
3294,0.1084,-0.4566,0.8972,1
3304,0.0744,-0.432,0.913,1
3314,0.0686,-0.402,0.9213,1
3324,0.0317,0.4971,1.6886,1
3334,2.3986,7.997,2.9697,1
3344,-1.4985,1.4416,5.463,1
3354,-6.3455,-1.0978,7.997,1
3364,-5.2423,-2.1116,6.2781,1
3374,-2.0484,-2.4945,1.3626,1
3384,-1.3047,-2.7586,0.7278,1
3394,-1.7296,-3.071,1.3555,1
3404,-1.0099,-2.9797,0.8605,1
3414,-0.1862,-2.7925,0.5669,1
3424,0.0364,-2.5345,1.0675,1
3434,-0.012,-2.1941,1.8258,1
3444,0.0142,-1.8043,2.4274,1
3454,0.07,-1.3123,2.659,1
3464,-0.0288,-0.9489,2.7915,1
3474,-0.6416,-0.6228,3.3768,1
3484,-1.1007,0.0146,3.9164,1
3494,-1.0519,0.1396,3.7077,1
3504,-1.0453,0.4154,3.4388,1
3514,-1.0058,0.79,3.212,1
3524,-0.8954,1.1336,3.0732,1
3534,-0.4808,1.1476,2.4357,1
3544,0.0678,1.4192,1.6877,1
3554,0.453,1.7479,1.1183,1
3564,0.6099,1.7279,0.7981,1
3574,0.6121,1.5773,0.6468,1
3584,0.5003,1.4722,0.5977,1
3594,0.3168,1.1881,0.6197,1
3604,0.1162,0.791,0.6365,1
3614,0.019,0.4952,0.5645,1
3624,-0.0505,0.359,0.771,1
3634,-0.6211,-0.0305,1.4387,1
3644,-0.7414,-0.5848,1.6725,1
3654,-0.412,-0.6509,1.4765,1
3664,-0.1313,-0.832,1.4321,1
3674,0.0059,-1.0709,1.4912,1
3684,0.0881,-1.2547,1.6391,1
3694,0.2236,-1.3452,1.6657,1
3704,0.4737,-1.3909,1.5024,1
3714,0.6738,-1.3618,1.3491,1
3724,0.709,-1.2962,1.3267,1
3734,0.6067,-1.1969,1.3858,1
3744,0.4654,-1.0477,1.4099,1
3754,0.3285,-0.8498,1.3655,1
3764,0.1891,-0.6292,1.2979,1
3774,0.0349,-0.4161,1.2586,1
3784,-0.0974,-0.2221,1.2325,1
3794,-0.1647,-0.0637,1.1502,1
3804,-0.1457,0.0691,0.9789,1
3814,-0.1042,0.1777,0.8269,1
3824,-0.0525,0.2362,0.6851,1
3834,-0.0049,0.265,0.5975,1
3844,0.0271,0.2914,0.5813,1
3854,0.0532,0.2794,0.6121,1
3864,0.0766,0.237,0.6753,1
3874,0.103,0.1635,0.7466,1
3884,0.1259,0.0608,0.8288,1
3894,0.1477,-0.0661,0.9252,1
3904,0.1581,-0.1974,1.0194,1
3914,0.2053,-0.3571,1.0534,1
3924,0.2731,-0.4908,1.036,1
3934,0.3173,-0.6028,1.0365,1
3944,0.3285,-0.6926,1.0529,1
3954,0.3222,-0.7554,1.0702,1
3964,0.3104,-0.7873,1.0709,1
3974,0.3009,-0.78,1.058,1
3984,0.2797,-0.7434,1.0492,1
3994,0.2392,-0.6814,1.066,1
4004,0.2114,-0.5921,1.0497,1
4014,0.215,-0.4766,0.9933,1
4024,0.2077,-0.3649,0.9469,1
4034,0.1779,-0.2648,0.9262,1
4044,0.135,-0.1877,0.9179,1
4054,0.1096,-0.1264,0.8893,1
4064,0.104,-0.0847,0.8349,1
4074,0.0996,-0.0669,0.8064,1
4084,0.0891,-0.0647,0.8047,1
4094,0.0937,-0.0791,0.8076,1
4104,0.1103,-0.1069,0.8032,1
4114,0.1196,-0.1552,0.8176,1
4124,0.1294,-0.2238,0.8403,1
4134,0.145,-0.297,0.8549,1
4144,0.155,-0.371,0.8915,1
4154,0.1577,-0.4405,0.944,1
4164,0.1706,-0.5052,0.9826,1
4174,0.2045,-0.5479,0.9965,1
4184,0.2426,-0.5626,0.9997,1
4194,0.2675,-0.5645,1.0143,1
4204,0.2741,-0.5469,1.0302,1
4214,-0.9477,1.5156,3.0746,1
4224,0.0456,-0.4842,1.6015,1
4234,-0.8256,-0.8071,3.0729,1
4244,-1.5195,-2.3883,3.4063,1
4254,-1.1844,-2.291,2.5428,1
4264,-0.0888,-2.3947,1.1663,1
4274,0.2299,-2.4394,0.6394,1
4284,-0.0781,-2.3339,0.9152,1
4294,-0.2284,-2.2373,1.0912,1
4304,-0.0808,-1.8844,1.068,1
4314,-0.0405,-1.4495,1.2488,1
4324,-0.1428,-1.0961,1.4019,1
4334,-0.4154,-0.7922,1.6279,1
4344,-0.727,-0.4156,2.1118,1
4354,-0.7663,-0.1098,2.373,1
4364,-0.504,0.1469,2.1209,1
4374,-0.2882,0.4176,1.9581,1
4384,-0.1289,0.7122,1.8836,1
4394,0.0332,0.7468,1.7199,1
4404,0.4478,0.9245,1.3028,1
4414,0.6841,1.1966,0.9953,1
4424,0.6887,1.1844,0.9181,1
4434,0.5518,1.0697,0.9352,1
4444,0.3768,0.864,0.9186,1
4454,0.2384,0.6138,0.7883,1
4464,0.173,0.3944,0.6241,1
4474,-0.0359,0.2824,0.8801,1
4484,-0.4239,-0.0954,1.2232,1
4494,-0.5689,-0.423,1.3155,1
4504,-0.4364,-0.6465,1.2723,1
4514,-0.1469,-0.7947,1.1141,1
4524,0.0561,-0.9408,1.0568,1
4534,0.1623,-1.0846,1.1202,1
4544,0.2426,-1.1646,1.1805,1
4554,0.347,-1.1932,1.1781,1
4564,0.4356,-1.1602,1.1578,1
4574,0.4559,-1.0914,1.1546,1
4584,0.3917,-0.9982,1.2071,1
4594,0.3092,-0.8632,1.2591,1
4604,0.268,-0.6768,1.2298,1
4614,0.2299,-0.4688,1.1864,1
4624,0.1738,-0.2719,1.1617,1
4634,0.1013,-0.1103,1.1319,1
4644,0.0544,0.0012,1.0653,1
4654,0.04,0.1064,0.9528,1
4664,0.0288,0.1567,0.842,1
4674,0.011,0.1826,0.7659,1
4684,-0.0002,0.1772,0.7092,1
4694,-0.0073,0.1442,0.6909,1
4704,-0.0171,0.094,0.7197,1
4714,-0.0288,0.0124,0.7824,1
4724,0.0029,-0.0964,0.821,1
4734,0.0708,-0.2062,0.8208,1
4744,0.1342,-0.3141,0.8452,1
4754,0.1701,-0.4237,0.9133,1
4764,0.1967,-0.5179,0.9999,1
4774,0.2377,-0.5806,1.0555,1
4784,0.2885,-0.6265,1.0702,1
4794,0.3334,-0.6475,1.0619,1
4804,0.3505,-0.6499,1.0609,1
4814,0.3366,-0.6363,1.0731,1
4824,0.3014,-0.5999,1.0763,1
4834,0.2633,-0.5482,1.0553,1
4844,0.2248,-0.4847,1.0026,1
4854,0.184,-0.4171,0.9447,1
4864,0.133,-0.3456,0.905,1
4874,0.0901,-0.2804,0.8701,1
4884,0.0647,-0.2167,0.8418,1
4894,0.0449,-0.1594,0.8339,1
4904,0.0305,-0.1235,0.8493,1
4914,0.0281,-0.1079,0.8698,1
4924,0.0581,-0.1035,0.8525,1
4934,0.1154,-0.1167,0.8164,1
4944,0.1481,-0.1486,0.8178,1
4954,0.1572,-0.2021,0.8505,1
4964,0.1577,-0.2638,0.8871,1
4974,0.1643,-0.3195,0.926,1
4984,0.1755,-0.3793,0.953,1
4994,0.1952,-0.4322,0.9582,1
5004,0.2101,-0.4737,0.9589,1
5014,0.2209,-0.503,0.9655,1
5024,0.2277,-0.515,0.9721,1
5034,0.2353,-0.5186,0.9621,1
5044,0.2367,-0.5035,0.9457,1
5054,0.2114,-0.4793,0.9555,1
5064,0.1755,-0.4505,0.9772,1
5074,0.1479,-0.4127,0.9816,1
5084,0.1503,-0.3651,0.953,1
5094,1.2218,2.4625,2.104,1
5104,-1.7926,2.8794,5.3773,1
5114,-5.7344,-0.6753,7.997,1
5124,-4.9119,-2.1931,7.0362,1
5134,-2.7166,-2.1716,2.8974,1
5144,-1.8836,-2.3349,1.8897,1
5154,-1.7079,-2.7603,1.6899,1
5164,-1.0492,-2.8972,1.0441,1
5174,-0.4405,-2.8625,0.8781,1
5184,0.0261,-2.7334,0.9977,1
5194,0.3087,-2.4472,1.2689,1
5204,0.2223,-1.9888,1.9071,1
5214,0.0935,-1.6586,2.5092,1
5224,0.0207,-1.2776,2.8186,1
5234,-0.1718,-0.8647,2.9409,1
5244,-0.6917,-0.6018,3.2396,1
5254,-1.2342,-0.0556,3.758,1
5264,-1.3977,0.1952,3.7294,1
5274,-1.3753,0.3749,3.5789,1
5284,-1.2767,0.7649,3.3851,1
5294,-1.0599,1.0821,3.1117,1
5304,-0.7485,1.2047,2.7105,1
5314,-0.1459,1.4067,1.9693,1
5324,0.2873,1.7392,1.3164,1
5334,0.5062,1.7453,0.9435,1
5344,0.668,1.6886,0.7056,1
5354,0.6724,1.6225,0.5782,1
5364,0.4981,1.3733,0.6433,1
5374,0.2336,0.9882,0.7512,1
5384,0.0478,0.6058,0.7322,1
5394,0.001,0.4381,0.7627,1
5404,-0.5145,0.1735,1.385,1
5414,-0.7727,-0.5003,1.7548,1
5424,-0.5277,-0.6033,1.6186,1
5434,-0.2079,-0.7729,1.4582,1
5444,0.0308,-1.0006,1.436,1
5454,0.0608,-1.1612,1.6061,1
5464,0.1625,-1.3301,1.6625,1
5474,0.3934,-1.3667,1.519,1
5484,0.6016,-1.3506,1.3574,1
5494,0.6614,-1.3174,1.2891,1
5504,0.5796,-1.2454,1.3077,1
5514,0.4386,-1.13,1.3367,1
5524,0.296,-0.9552,1.3103,1
5534,0.1686,-0.7532,1.2415,1
5544,0.041,-0.533,1.1939,1
5554,-0.091,-0.3246,1.18,1
5564,-0.1718,-0.1394,1.1517,1
5574,-0.1662,0.0168,1.059,1
5584,-0.1018,0.1662,0.9216,1
5594,-0.0415,0.2672,0.8222,1
5604,0.0095,0.3197,0.7529,1
5614,0.0595,0.3456,0.7105,1
5624,0.102,0.3422,0.6961,1
5634,0.1276,0.3019,0.7112,1
5644,0.1367,0.224,0.75,1
5654,0.1403,0.1186,0.8051,1
5664,0.1416,-0.0024,0.8896,1
5674,0.1088,-0.1635,0.9743,1
5684,0.1232,-0.3236,1.0214,1
5694,0.1713,-0.4569,1.026,1
5704,0.214,-0.5696,1.0392,1
5714,0.2389,-0.6558,1.0658,1
5724,0.2709,-0.7158,1.0685,1
5734,0.3039,-0.7422,1.0502,1
5744,0.3146,-0.7412,1.0277,1
5754,0.2897,-0.7214,1.039,1
5764,0.2402,-0.6797,1.0646,1
5774,0.2009,-0.6133,1.0612,1
5784,0.1782,-0.5262,1.0248,1
5794,0.1606,-0.4339,0.9811,1
5804,0.1367,-0.3368,0.9572,1
5814,0.1108,-0.2504,0.9333,1
5824,0.0935,-0.1777,0.9091,1
5834,0.0854,-0.1145,0.8857,1
5844,0.0903,-0.0803,0.8486,1
5854,0.0805,-0.0625,0.8491,1
5864,0.0859,-0.0722,0.8361,1
5874,0.1049,-0.0886,0.8242,1
5884,0.1106,-0.1235,0.8461,1
5894,0.1167,-0.1765,0.8701,1
5904,0.134,-0.2297,0.8901,1
5914,0.1579,-0.2882,0.8991,1
5924,0.1765,-0.3492,0.9072,1
5934,0.1889,-0.4098,0.9296,1
5944,0.195,-0.4596,0.956,1
5954,0.2016,-0.4952,0.9755,1
5964,0.2177,-0.5174,0.9806,1
5974,0.2319,-0.5164,0.9745,1
5984,0.2426,-0.504,0.9648,1
5994,0.2511,-0.474,0.9484,1
6004,0.2485,-0.4332,0.9343,1
6014,0.2245,-0.391,0.9369,1
6024,0.1877,-0.3475,0.945,1
6034,0.1479,-0.3073,0.956,1
6044,1.139,1.6379,3.9684,1
6054,-1.282,0.678,5.5909,1
6064,-5.1652,-0.7783,7.997,1
6074,-3.707,-2.1143,4.9592,1
6084,-1.8116,-1.9422,1.7165,1
6094,-1.5905,-2.4755,1.3899,1
6104,-1.6589,-2.731,1.4668,1
6114,-0.9452,-2.6236,0.8928,1
6124,-0.1855,-2.5736,0.5591,1
6134,0.0229,-2.3908,0.9711,1
6144,0.0476,-2.1194,1.592,1
6154,0.1684,-1.7799,2.0384,1
6164,0.2406,-1.4255,2.3635,1
6174,0.1245,-1.0241,2.5375,1
6184,-0.2809,-0.7546,2.8389,1
6194,-0.8562,-0.2914,3.3995,1
6204,-1.0387,0.0718,3.4837,1
6214,-0.9836,0.1611,3.2782,1
6224,-0.9364,0.6101,3.0658,1
6234,-0.8149,0.884,2.7971,1
6244,-0.7004,1.0631,2.514,1
6254,-0.2826,1.1917,1.9215,1
6264,0.1747,1.4377,1.325,1
6274,0.3905,1.6081,0.9521,1
6284,0.4725,1.5966,0.7546,1
6294,0.4615,1.511,0.638,1
6304,0.3461,1.3096,0.6299,1
6314,0.1516,1.0036,0.6897,1
6324,-0.0068,0.6011,0.6738,1
6334,0.001,0.3998,0.5918,1
6344,-0.32,0.2465,1.0682,1
6354,-0.7046,-0.3331,1.6894,1
6364,-0.6519,-0.6258,1.7272,1
6374,-0.2929,-0.7854,1.4975,1
6384,0.0659,-0.9399,1.3667,1
6394,0.2411,-1.1014,1.428,1
6404,0.3229,-1.2415,1.5505,1
6414,0.4183,-1.2772,1.5678,1
6424,0.5921,-1.2933,1.4436,1
6434,0.6997,-1.2315,1.3081,1
6444,0.6526,-1.1424,1.272,1
6454,0.4774,-1.039,1.3089,1
6464,0.2746,-0.8828,1.3294,1
6474,0.113,-0.6914,1.2808,1
6484,-0.001,-0.484,1.1947,1
6494,-0.092,-0.2807,1.1188,1
6504,-0.1594,-0.103,1.0638,1
6514,-0.1765,0.0322,0.9901,1
6524,-0.1477,0.1611,0.8947,1
6534,-0.1015,0.2399,0.8103,1
6544,-0.0361,0.2843,0.728,1
6554,0.0327,0.3051,0.6751,1
6564,0.0781,0.3002,0.679,1
6574,0.101,0.2499,0.729,1
6584,0.1084,0.1684,0.8029,1
6594,0.1252,0.0666,0.8691,1
6604,0.1469,-0.0517,0.9384,1
6614,0.1501,-0.2053,0.9989,1
6624,0.1828,-0.3571,1.0194,1
6634,0.2262,-0.4818,1.0182,1
6644,0.2443,-0.5877,1.0482,1
6654,0.2477,-0.6731,1.0829,1
6664,0.2558,-0.7256,1.0946,1
6674,0.2702,-0.7478,1.0753,1
6684,0.2836,-0.7385,1.0363,1
6694,0.279,-0.7046,1.0036,1
6704,0.2387,-0.6448,1.0119,1
6714,0.1869,-0.5635,1.0304,1
6724,0.1452,-0.4605,1.038,1
6734,0.125,-0.3539,1.0119,1
6744,0.1164,-0.2514,0.9648,1
6754,0.1057,-0.1686,0.9245,1
6764,0.0883,-0.1018,0.905,1
6774,0.0774,-0.0561,0.8842,1
6784,0.0871,-0.0325,0.8508,1
6794,0.0981,-0.0239,0.8217,1
6804,0.1023,-0.0417,0.8098,1
6814,0.1003,-0.0793,0.8252,1
6824,0.0886,-0.1289,0.8642,1
6834,0.0896,-0.1911,0.9001,1
6844,0.1142,-0.2575,0.9089,1
6854,0.1486,-0.3226,0.9086,1
6864,0.1718,-0.3868,0.9218,1
6874,0.1838,-0.4437,0.9506,1
6884,0.1955,-0.4854,0.9801,1
6894,0.2179,-0.5145,0.9865,1
6904,0.2389,-0.5235,0.9796,1
6914,0.2436,-0.5184,0.9757,1
6924,0.2279,-0.5045,0.9936,1
6934,0.1992,-0.4781,1.0165,1
6944,0.1877,-0.4356,1.0011,1
6954,0.1852,-0.3819,0.9679,1
6964,0.1838,-0.3273,0.9252,1
6974,0.1684,-0.2804,0.8954,1
6984,1.7389,2.5536,4.4465,1
6994,0.727,1.1695,4.3125,1
7004,-4.5055,-0.5274,7.997,1
7014,-4.394,-1.809,5.8693,1
7024,-2.0227,-1.8417,2.1182,1
7034,-1.4851,-2.3825,1.2901,1
7044,-1.7145,-2.6185,1.5705,1
7054,-1.1068,-2.5458,1.0875,1
7064,-0.2101,-2.5502,0.5438,1
7074,0.071,-2.3942,0.8332,1
7084,0.062,-2.144,1.4641,1
7094,0.1757,-1.8326,1.9017,1
7104,0.278,-1.5068,2.2373,1
7114,0.1601,-1.1095,2.4943,1
7124,-0.1291,-0.7954,2.7005,1
7134,-0.7019,-0.4957,3.2086,1
7144,-1.0748,0.053,3.4512,1
7154,-1.0314,0.1193,3.2957,1
7164,-0.9923,0.4932,3.1264,1
7174,-0.8767,0.8198,2.9946,1
7184,-0.7131,1.0956,2.6182,1
7194,-0.3341,1.1314,2.0152,1
7204,0.0732,1.4002,1.47,1
7214,0.3395,1.6044,1.0516,1
7224,0.4647,1.5996,0.8259,1
7234,0.4771,1.5568,0.6931,1
7244,0.3983,1.3704,0.645,1
7254,0.2126,1.0607,0.6941,1
7264,0.0185,0.6633,0.7097,1
7274,0.0122,0.4122,0.6287,1
7284,-0.2914,0.2787,1.0592,1
7294,-0.6912,-0.2887,1.6838,1
7304,-0.7056,-0.6184,1.7697,1
7314,-0.3844,-0.802,1.5598,1
7324,0.0017,-0.9655,1.3828,1
7334,0.205,-1.1088,1.407,1
7344,0.3229,-1.2523,1.5044,1
7354,0.3873,-1.2913,1.5559,1
7364,0.5362,-1.3069,1.4927,1
7374,0.6709,-1.2196,1.3599,1
7384,0.6836,-1.148,1.2576,1
7394,0.5184,-1.0297,1.2867,1
7404,0.297,-0.8786,1.3274,1
7414,0.1267,-0.7056,1.2798,1
7424,0.01,-0.4881,1.1886,1
7434,-0.0854,-0.2816,1.1163,1
7444,-0.1601,-0.1079,1.0665,1
7454,-0.1852,0.0376,1.0021,1
7464,-0.1594,0.1677,0.912,1
7474,-0.1132,0.2563,0.8261,1
7484,-0.0425,0.299,0.7363,1
7494,0.0237,0.3187,0.6756,1
7504,0.0761,0.3085,0.6641,1
7514,0.1037,0.266,0.699,1
7524,0.1125,0.1943,0.7698,1
7534,0.1076,0.0942,0.8762,1
7544,0.1023,-0.0317,0.9836,1
7554,0.1059,-0.1845,1.0448,1
7564,0.1721,-0.3348,1.0302,1
7574,0.2382,-0.4591,1.0106,1
7584,0.2624,-0.5721,1.0414,1
7594,0.2531,-0.667,1.0934,1
7604,0.2511,-0.7234,1.119,1
7614,0.2694,-0.7463,1.0897,1
7624,0.2919,-0.7427,1.0431,1
7634,0.2765,-0.7117,1.0272,1
7644,0.2287,-0.6604,1.0387,1
7654,0.183,-0.5862,1.0358,1
7664,0.1506,-0.4896,1.0219,1
7674,0.1218,-0.3902,1.0019,1
7684,0.1054,-0.2936,0.9674,1
7694,0.103,-0.2009,0.9269,1
7704,0.0971,-0.1213,0.8889,1
7714,0.0896,-0.0683,0.8703,1
7724,0.083,-0.0337,0.8598,1
7734,0.0808,-0.0185,0.8522,1
7744,0.0908,-0.0266,0.8374,1
7754,0.102,-0.0517,0.8215,1
7764,0.1108,-0.0962,0.8276,1
7774,0.1081,-0.1586,0.8508,1
7784,0.1098,-0.2255,0.8806,1
7794,0.1279,-0.2919,0.893,1
7804,0.1618,-0.3453,0.905,1
7814,0.1818,-0.39,0.9372,1
7824,0.1933,-0.4315,0.9772,1
7834,0.2084,-0.4625,1.0014,1
7844,0.2289,-0.4771,1.0055,1
7854,0.235,-0.4869,1.0001,1
7864,0.2265,-0.4869,0.9975,1
7874,0.2106,-0.4737,0.9887,1
7884,0.193,-0.4461,0.974,1
7894,0.1743,-0.4117,0.9513,1
7904,0.1628,-0.371,0.9272,1
7914,0.1381,-0.3305,0.913,1
7924,0.1228,-0.2843,0.9057,1
7934,0.1176,-0.2404,0.8891,1
7944,0.1242,-0.2023,0.8684,1
7954,0.1291,-0.1762,0.8479,1
7964,0.1162,-0.1691,0.8554,1
7974,0.0959,-0.1794,0.8698,1
7984,0.0844,-0.2023,0.8874,1
7994,0.0844,-0.2316,0.8986,1
8004,0.0969,-0.2636,0.9052,1
8014,0.1152,-0.2965,0.9174,1
8024,0.1394,-0.3292,0.923,1
8034,0.1645,-0.3605,0.9235,1
8044,0.186,-0.3885,0.9255,1
8054,0.1962,-0.4132,0.9391,1
8064,0.1945,-0.4237,0.9604,1
8074,3.6404,4.6115,4.3545,1
8084,-2.5287,0.166,7.4147,1
8094,-6.1393,-0.3685,7.997,1
8104,-3.295,-1.683,4.436,1
8114,-1.5983,-1.8646,1.7699,1
8124,-2.1082,-2.5382,2.1611,1
8134,-1.8758,-2.515,1.9078,1
8144,-0.7341,-2.9875,0.8178,1
8154,-0.1193,-2.9048,0.7402,1
8164,0.1001,-2.7354,1.0965,1
8174,0.2162,-2.2922,1.4863,1
8184,0.1276,-1.7262,2.0201,1
8194,-0.0525,-1.4172,2.6004,1
8204,-0.2316,-1.0084,2.9438,1
8214,-0.4605,-0.6192,3.0305,1
8224,-0.9828,-0.4015,3.3841,1
8234,-1.4534,0.2253,3.8539,1
8244,-1.4009,0.2921,3.7665,1
8254,-1.2935,0.626,3.6438,1
8264,-1.0736,0.9496,3.2882,1
8274,-0.8874,1.2215,2.9946,1
8284,-0.4503,1.3423,2.4899,1
8294,0.0954,1.5483,1.8129,1
8304,0.4352,1.8299,1.325,1
8314,0.5606,1.8046,0.9796,1
8324,0.6714,1.6293,0.6887,1
8334,0.6309,1.5302,0.5154,1
8344,0.3649,1.2017,0.6214,1
8354,0.0371,0.7673,0.7356,1
8364,-0.0449,0.4845,0.6694,1
8374,-0.2792,0.3934,0.9628,1
8384,-0.7327,-0.1728,1.59,1
8394,-0.7661,-0.5674,1.6681,1
8404,-0.4452,-0.6895,1.467,1
8414,-0.1137,-0.8676,1.3384,1
8424,0.0786,-1.0092,1.4072,1
8434,0.1442,-1.1908,1.5729,1
8444,0.2299,-1.2928,1.6591,1
8454,0.4427,-1.305,1.5676,1
8464,0.6614,-1.2584,1.4002,1
8474,0.7288,-1.202,1.3008,1
8484,0.6077,-1.1083,1.3387,1
8494,0.4161,-0.9909,1.3855,1
8504,0.2528,-0.8215,1.3443,1
8514,0.1098,-0.6094,1.2713,1
8524,-0.0325,-0.4012,1.2205,1
8534,-0.153,-0.2138,1.1873,1
8544,-0.2123,-0.0476,1.128,1
8554,-0.1943,0.0971,1.0053,1
8564,-0.1315,0.2084,0.872,1
8574,-0.0722,0.2853,0.761,1
8584,-0.0181,0.3195,0.6943,1
8594,0.03,0.3312,0.6658,1
8604,0.07,0.318,0.6768,1
8614,0.0896,0.2665,0.7336,1
8624,0.1037,0.1816,0.8027,1
8634,0.1286,0.0744,0.8549,1
8644,0.152,-0.0437,0.925,1
8654,0.1391,-0.1989,0.9992,1
8664,0.154,-0.3524,1.046,1
8674,0.1887,-0.4791,1.0599,1
8684,0.2258,-0.5899,1.0641,1
8694,0.2414,-0.6707,1.0865,1
8704,0.245,-0.7253,1.1092,1
8714,0.2577,-0.7466,1.1039,1
8724,0.2785,-0.7307,1.069,1
8734,0.2799,-0.6892,1.0419,1
8744,0.2492,-0.6302,1.0341,1
8754,0.2038,-0.5552,1.0355,1
8764,0.164,-0.4642,1.0177,1
8774,0.1384,-0.3656,0.9804,1
8784,0.1159,-0.2729,0.9465,1
8794,0.0923,-0.1869,0.922,1
8804,0.0659,-0.1179,0.9033,1
8814,0.0564,-0.07,0.8935,1
8824,0.0522,-0.0398,0.8789,1
8834,0.0683,-0.0305,0.8496,1
8844,0.0949,-0.042,0.8161,1
8854,0.1118,-0.0725,0.8034,1
8864,0.1171,-0.1164,0.823,1
8874,0.1157,-0.1704,0.8623,1
8884,0.1145,-0.2294,0.9106,1
8894,0.1269,-0.2934,0.9447,1
8904,0.1489,-0.3544,0.9638,1
8914,0.1774,-0.4064,0.9755,1
8924,0.2055,-0.4483,0.9789,1
8934,0.2216,-0.4735,0.9875,1
8944,0.2258,-0.493,0.9982,1
8954,0.2258,-0.4959,1.0001,1
8964,0.2221,-0.4842,0.9909,1
8974,0.2092,-0.4591,0.985,1
8984,-0.1328,0.8989,4.5507,1
8994,-3.4639,-0.3851,7.9424,1
9004,-5.2482,-1.3538,7.997,1
9014,-2.874,-2.1831,5.0144,1
9024,-1.3721,-1.9454,2.7056,1
9034,-1.4168,-2.6483,2.4801,1
9044,-1.2156,-2.6724,2.0598,1
9054,-0.4371,-3.1449,1.0541,1
9064,-0.0381,-3.0349,0.9338,1
9074,0.155,-2.7886,1.0939,1
9084,0.214,-2.3266,1.3462,1
9094,-0.0561,-1.7318,1.9158,1
9104,-0.3883,-1.386,2.5614,1
9114,-0.5406,-0.9887,2.8945,1
9124,-0.7144,-0.6038,2.9702,1
9134,-1.1556,-0.3937,3.2162,1
9144,-1.6388,0.1801,3.7992,1
9154,-1.591,0.3754,3.8029,1
9164,-1.4268,0.5435,3.6528,1
9174,-1.1995,0.904,3.4661,1
9184,-0.9604,1.3116,3.284,1
9194,-0.3978,1.3223,2.5987,1
9204,0.1765,1.6242,1.9617,1
9214,0.5037,1.9088,1.487,1
9224,0.6658,1.7716,1.1397,1
9234,0.79,1.5873,0.7202,1
9244,0.751,1.542,0.5023,1
9254,0.4525,1.2249,0.6126,1
9264,0.0837,0.759,0.7436,1
9274,-0.0254,0.525,0.6902,1
9284,-0.3124,0.4317,0.997,1
9294,-0.7693,-0.1643,1.5795,1
9304,-0.7998,-0.5284,1.6384,1
9314,-0.4986,-0.6724,1.4931,1
9324,-0.1328,-0.8454,1.3133,1
9334,0.125,-0.9594,1.3274,1
9344,0.1335,-1.14,1.4792,1
9354,0.145,-1.272,1.6652,1
9364,0.2704,-1.3033,1.6691,1
9374,0.5198,-1.3028,1.4617,1
9384,0.6665,-1.2357,1.294,1
9394,0.6394,-1.1571,1.2686,1
9404,0.4859,-1.049,1.3128,1
9414,0.3197,-0.8986,1.315,1
9424,0.1667,-0.7009,1.2789,1
9434,0.0171,-0.5008,1.243,1
9444,-0.1132,-0.3026,1.2154,1
9454,-0.1784,-0.1384,1.139,1
9464,-0.1677,0.0142,1.016,1
9474,-0.1237,0.1496,0.8947,1
9484,-0.0796,0.2421,0.8073,1
9494,-0.0452,0.3009,0.7593,1
9504,-0.0046,0.3314,0.7351,1
9514,0.0376,0.3273,0.7227,1
9524,0.0761,0.2882,0.7253,1
9534,0.1035,0.2182,0.7544,1
9544,0.1164,0.1152,0.8086,1
9554,0.1276,-0.0039,0.8767,1
9564,0.135,-0.1252,0.9567,1
9574,0.1003,-0.2755,1.0656,1
9584,0.1184,-0.4305,1.1114,1
9594,0.176,-0.5386,1.1149,1
9604,0.2358,-0.6292,1.0941,1
9614,0.2895,-0.6853,1.0648,1
9624,0.3153,-0.7217,1.0507,1
9634,0.307,-0.7322,1.0538,1
9644,0.2794,-0.72,1.0629,1
9654,0.2433,-0.6821,1.0563,1
9664,0.2116,-0.6228,1.0228,1
9674,0.1796,-0.5389,0.9943,1
9684,0.1462,-0.4415,0.976,1
9694,0.1179,-0.33,0.9543,1
9704,0.0976,-0.2341,0.9306,1
9714,0.0859,-0.152,0.9008,1
9724,0.0803,-0.0896,0.8725,1
9734,0.0791,-0.0527,0.8422,1
9744,0.0693,-0.0339,0.8349,1
9754,0.0793,-0.0361,0.8247,1
9764,0.1018,-0.0503,0.8027,1
9774,0.1106,-0.0788,0.8164,1
9784,0.0966,-0.1298,0.8803,1
9794,0.0937,-0.1889,0.9299,1
9804,0.1347,-0.246,0.9218,1
9814,0.1877,-0.2992,0.8937,1
9824,0.2109,-0.3553,0.9033,1
9834,0.2023,-0.4115,0.9538,1
9844,0.183,-0.4588,1.0036,1
9854,0.1848,-0.4886,1.0163,1
9864,0.2055,-0.5008,0.9945,1
9874,0.2223,-0.4979,0.9706,1
9884,0.2245,-0.4818,0.9604,1
9894,0.2131,-0.453,0.9594,1
9904,0.1984,-0.4132,0.9562,1
9914,0.1784,-0.3688,0.9518,1
9924,0.1452,-0.3307,0.9621,1
9934,0.1232,-0.2977,0.9418,1
9944,0.1196,-0.2692,0.9006,1
9954,0.1157,-0.2426,0.8615,1
9964,0.1067,-0.2209,0.8547,1
9974,0.0849,-0.2062,0.885,1
9984,0.0747,-0.1992,0.9069,1
9994,0.1013,-0.1955,0.8954,1
10004,0.1345,-0.2009,0.8723,1
10014,0.1486,-0.2233,0.8803,1
10024,0.1467,-0.2538,0.9138,1
10034,0.1525,-0.279,0.9435,1
10044,0.3195,-7.3,3.225,1
10054,0.318,-1.5105,2.6761,1
10064,-1.5298,0.4034,4.7569,1
10074,-2.2092,1.9141,6.0824,1
10084,-0.8874,1.5688,3.6313,1
10094,0.123,1.7274,1.3123,1
10104,0.8059,2.1314,0.3305,1
10114,0.9914,2.0113,-0.3351,1
10124,0.6597,1.7931,-0.1638,1
10134,0.06,1.5576,0.4251,1
10144,-0.2404,1.2303,0.5013,1
10154,-0.2104,0.9286,0.2367,1
10164,-0.0473,0.7402,0.0246,1
10174,-0.0495,0.6106,0.3114,1
10184,-0.6482,0.1406,1.1905,1
10194,-0.8313,-0.3851,1.612,1
10204,-0.4701,-0.492,1.4656,1
10214,-0.1974,-0.6182,1.3494,1
10224,-0.2821,-0.8715,1.694,1
10234,-0.5416,-1.1319,2.2971,1
10244,-0.4935,-1.1847,2.681,1
10254,-0.0083,-1.4002,2.3693,1
10264,0.6543,-1.4458,1.7814,1
10274,1.0084,-1.4751,1.5185,1
10284,0.9735,-1.5359,1.5881,1
10294,0.7881,-1.5197,1.6872,1
10304,0.6509,-1.4109,1.5854,1
10314,0.4896,-1.234,1.4192,1
10324,0.2111,-1.0116,1.3694,1
10334,-0.0971,-0.7817,1.3984,1
10344,-0.3029,-0.5257,1.3643,1
10354,-0.3614,-0.269,1.2337,1
10364,-0.3397,-0.0276,1.0792,1
10374,-0.3185,0.155,0.9836,1
10384,-0.2726,0.2826,0.8881,1
10394,-0.2199,0.3593,0.8032,1
10404,-0.1235,0.3719,0.6824,1
10414,-0.0098,0.3802,0.5777,1
10424,0.0822,0.369,0.5662,1
10434,0.1245,0.347,0.6607,1
10444,0.1433,0.2931,0.8015,1
10454,0.091,0.2033,0.984,1
10464,0.1154,-0.0183,1.0392,1
10474,0.1911,-0.1818,0.9818,1
10484,0.1816,-0.378,1.0324,1
10494,0.1311,-0.6143,1.1244,1
10504,0.1184,-0.7817,1.15,1
10514,0.1655,-0.9047,1.1166,1
10524,0.2331,-0.9687,1.0629,1
10534,0.2816,-0.9984,1.0397,1
10544,0.2956,-0.9853,1.037,1
10554,0.2909,-0.9345,1.0455,1
10564,0.2787,-0.8454,1.0431,1
10574,0.2575,-0.7178,1.0443,1
10584,0.2236,-0.5726,1.0399,1
10594,0.1882,-0.4247,1.026,1
10604,0.1464,-0.2819,1.0055,1
10614,0.1057,-0.1589,0.9865,1
10624,0.0749,-0.0637,0.9604,1
10634,0.0569,0.0029,0.9101,1
10644,0.0556,0.0415,0.8452,1
10654,0.0576,0.05,0.7815,1
10664,0.0449,0.0322,0.7478,1
10674,0.0185,-0.0127,0.7546,1
10684,-0.009,-0.081,0.7881,1
10694,-0.0151,-0.1652,0.8203,1
10704,0.0105,-0.246,0.8457,1
10714,0.0491,-0.3253,0.8784,1
10724,0.0932,-0.4027,0.9262,1
10734,0.1359,-0.4703,0.9816,1
10744,0.186,-0.5291,1.0172,1
10754,0.2314,-0.5689,1.0343,1
10764,0.2721,-0.5911,1.0392,1
10774,0.2948,-0.6038,1.0343,1
10784,0.2929,-0.6026,1.0241,1
10794,0.268,-0.5857,1.0214,1
10804,0.2326,-0.5545,1.0106,1
10814,0.2004,-0.5074,0.996,1
10824,0.1674,-0.4513,0.9618,1
10834,0.1425,-0.3873,0.922,1
10844,0.1135,-0.33,0.8874,1
10854,0.0827,-0.2794,0.8669,1
10864,0.0588,-0.2406,0.8486,1
10874,0.0495,-0.2089,0.8256,1
10884,0.0481,-0.1906,0.8191,1
10894,0.0542,-0.1882,0.8147,1
10904,0.0693,-0.2011,0.8088,1
10914,0.0896,-0.2218,0.8095,1
10924,0.1081,-0.2506,0.8288,1
10934,0.1262,-0.2824,0.8659,1
10944,0.1391,-0.3212,0.9045,1
10954,0.1574,-0.3573,0.9284,1
10964,0.1755,-0.3851,0.9552,1
10974,0.1965,-0.4017,0.9716,1
10984,-1.6554,-3.2838,0.7795,1
10994,-0.9255,-0.7612,0.9313,1
11004,0.5669,0.3993,2.1253,1
11014,-1.5322,0.7434,7.997,1
11024,-1.0487,1.3443,7.997,1
11034,1.3953,2.2346,3.5859,1
11044,2.7935,3.0275,0.5899,1
11054,2.5758,2.6156,-0.3837,1
11064,0.9609,1.9007,0.5186,1
11074,-0.5399,1.0363,1.6798,1
11084,-0.9142,0.8601,1.4722,1
11094,-0.8205,0.8466,0.873,1
11104,-0.7024,0.5235,0.4835,1
11114,-0.8022,0.1784,0.442,1
11124,-1.0267,-0.3209,0.7278,1
11134,-1.0055,-0.6324,0.8723,1
11144,-0.8645,-0.7317,1.128,1
11154,-0.7451,-0.9672,1.324,1
11164,-0.6092,-1.1114,1.48,1
11174,-0.4193,-1.2257,1.5751,1
11184,-0.594,-1.4392,2.0696,1
11194,-0.5001,-1.6515,2.3847,1
11204,0.156,-1.5891,2.0374,1
11214,0.8957,-1.4753,1.6086,1
11224,1.2376,-1.3155,1.5246,1
11234,1.1749,-1.2427,1.7018,1
11244,0.9721,-1.1156,1.8348,1
11254,0.7751,-0.9318,1.7601,1
11264,0.5118,-0.7173,1.6218,1
11274,0.1608,-0.543,1.5356,1
11284,-0.1545,-0.3705,1.4397,1
11294,-0.3514,-0.2038,1.2527,1
11304,-0.4149,-0.0586,1.0053,1
11314,-0.4456,0.1001,0.8083,1
11324,-0.4547,0.1882,0.6836,1
11334,-0.4044,0.2621,0.5794,1
11344,-0.3348,0.2934,0.5035,1
11354,-0.2294,0.2926,0.462,1
11364,-0.1174,0.2821,0.4598,1
11374,-0.0212,0.2455,0.5694,1
11384,-0.0071,0.1528,0.7768,1
11394,0.0312,0.0149,0.9643,1
11404,0.1379,-0.1069,1.0551,1
11414,0.2197,-0.2729,1.1197,1
11424,0.2765,-0.453,1.1746,1
11434,0.306,-0.6167,1.2171,1
11444,0.3363,-0.7573,1.2249,1
11454,0.3739,-0.8559,1.1954,1
11464,0.3978,-0.9164,1.1502,1
11474,0.3881,-0.9416,1.1234,1
11484,0.3297,-0.9362,1.1183,1
11494,0.2455,-0.9052,1.1119,1
11504,0.173,-0.832,1.087,1
11514,0.1247,-0.7263,1.0206,1
11524,0.0979,-0.5982,0.9528,1
11534,0.0722,-0.4579,0.9094,1
11544,0.0454,-0.3197,0.9055,1
11554,0.02,-0.1918,0.9233,1
11564,0.0149,-0.0893,0.9391,1
11574,0.0264,-0.0181,0.934,1
11584,0.0598,0.012,0.8925,1
11594,0.1101,0.022,0.821,1
11604,0.1459,-0.0015,0.7649,1
11614,0.1557,-0.0461,0.7524,1
11624,0.1337,-0.1181,0.7954,1
11634,0.1037,-0.1979,0.8703,1
11644,0.1003,-0.2792,0.9177,1
11654,0.1347,-0.3512,0.9159,1
11664,0.1767,-0.4186,0.9018,1
11674,0.2035,-0.4857,0.9094,1
11684,0.2187,-0.543,0.9352,1
11694,0.2353,-0.5762,0.9474,1
11704,0.2565,-0.5867,0.9513,1
11714,0.2543,-0.5882,0.9609,1
11724,0.2411,-0.577,0.9667,1
11734,0.2275,-0.5477,0.9662,1
11744,0.2182,-0.501,0.9535,1
11754,0.2048,-0.4413,0.9399,1
11764,0.194,-0.3722,0.9201,1
11774,0.1848,-0.3058,0.8942,1
11784,0.1662,-0.2485,0.8713,1
11794,0.1452,-0.2065,0.8544,1
11804,0.1291,-0.1772,0.8354,1
11814,0.112,-0.1591,0.8286,1
11824,0.0969,-0.1589,0.8322,1
11834,0.0881,-0.1718,0.832,1
11844,0.0952,-0.2001,0.8186,1
11854,0.1108,-0.2387,0.8056,1
11864,0.1306,-0.2831,0.8059,1
11874,0.152,-0.3246,0.8256,1
11884,0.1706,-0.3614,0.8645,1
11894,0.1896,-0.3905,0.9079,1
11904,0.2099,-0.4134,0.9501,1
11914,0.2316,-0.4325,0.9733,1
11924,-3.3009,-4.846,1.6947,1
11934,-0.7439,-0.9838,0.553,1
11944,0.6167,-0.3204,2.4767,1
11954,-1.7211,1.1358,7.997,1
11964,-1.0453,1.1354,7.997,1
11974,1.5837,2.0916,3.5352,1
11984,3.0844,3.1644,0.7266,1
11994,2.8135,2.7405,-0.2077,1
12004,1.0699,1.8665,0.7934,1
12014,-0.5289,1.0072,2.0415,1
12024,-0.8664,0.8452,1.6269,1
12034,-0.7649,0.8191,1.0067,1
12044,-0.781,0.4239,0.6587,1
12054,-0.8166,0.123,0.4798,1
12064,-0.9833,-0.3163,0.6787,1
12074,-1.0502,-0.6304,0.8571,1
12084,-0.944,-0.8271,1.0377,1
12094,-0.8447,-0.987,1.2537,1
12104,-0.6548,-1.1478,1.3604,1
12114,-0.4454,-1.2413,1.3965,1
12124,-0.5828,-1.4661,1.8663,1
12134,-0.5831,-1.724,2.2536,1
12144,-0.0264,-1.664,2.0637,1
12154,0.7368,-1.5461,1.6425,1
12164,1.1517,-1.345,1.5442,1
12174,1.1534,-1.233,1.7125,1
12184,0.9899,-1.0929,1.8631,1
12194,0.8112,-0.8591,1.7967,1
12204,0.5838,-0.6243,1.6457,1
12214,0.2485,-0.4425,1.5498,1
12224,-0.1001,-0.2848,1.4851,1
12234,-0.3256,-0.1462,1.315,1
12244,-0.4061,0.0032,1.038,1
12254,-0.4371,0.122,0.8017,1
12264,-0.4308,0.2136,0.6316,1
12274,-0.3963,0.2599,0.5154,1
12284,-0.337,0.2775,0.4498,1
12294,-0.2343,0.2843,0.3966,1
12304,-0.1213,0.2677,0.4066,1
12314,-0.019,0.238,0.5006,1
12324,-0.0373,0.1774,0.7768,1
12334,-0.0229,-0.0015,1.0099,1
12344,0.1098,-0.1225,1.0785,1
12354,0.2392,-0.2697,1.0931,1
12364,0.3202,-0.4488,1.131,1
12374,0.3388,-0.6216,1.1978,1
12384,0.3522,-0.761,1.2383,1
12394,0.3883,-0.8657,1.212,1
12404,0.4159,-0.9291,1.1607,1
12414,0.4159,-0.955,1.118,1
12424,0.3719,-0.9472,1.0885,1
12434,0.3039,-0.8989,1.0626,1
12444,0.2319,-0.8173,1.0231,1
12454,0.1577,-0.7022,0.9845,1
12464,-0.9386,2.9446,1.7811,1
12474,0.8244,2.3771,1.4502,1
12484,1.6342,1.6557,1.4348,1
12494,0.5508,0.1254,1.2337,1
12504,-0.3234,-0.9247,1.3689,1
12514,-0.9072,-1.7516,1.549,1
12524,-0.9076,-1.8297,1.1712,1
12534,-0.5665,-1.9224,0.6463,1
12544,-0.2677,-1.6371,0.4679,1
12554,-0.1625,-1.5312,0.587,1
12564,-0.1638,-1.3799,0.8659,1
12574,-0.0371,-1.0692,0.9311,1
12584,-0.022,-0.8317,0.9652,1
12594,-0.2138,-0.6338,1.3377,1
12604,-0.358,-0.3893,1.8038,1
12614,-0.1494,-0.1506,1.8502,1
12624,0.1491,0.1581,1.6454,1
12634,0.3666,0.3566,1.4848,1
12644,0.4256,0.4413,1.3665,1
12654,0.4278,0.4693,1.294,1
12664,0.4591,0.5133,1.1505,1
12674,0.4827,0.4959,0.9474,1
12684,0.4081,0.4793,0.8281,1
12694,0.2792,0.39,0.7815,1
12704,0.1294,0.309,0.78,1
12714,-0.0225,0.2065,0.8493,1
12724,-0.2402,-0.0005,0.8952,1
12734,-0.3273,-0.225,0.8566,1
12744,-0.3366,-0.4334,0.8293,1
12754,-0.2504,-0.6036,0.8088,1
12764,-0.1323,-0.7209,0.8159,1
12774,-0.0059,-0.8378,0.8505,1
12784,0.0891,-0.8911,0.9404,1
12794,0.1767,-0.9223,1.0399,1
12804,0.2716,-0.9028,1.1205,1
12814,0.3715,-0.8396,1.1644,1
12824,0.4403,-0.7388,1.1998,1
12834,0.4752,-0.6321,1.213,1
12844,0.4564,-0.5152,1.2115,1
12854,0.3976,-0.4025,1.1861,1
12864,0.3121,-0.3075,1.1297,1
12874,0.215,-0.2299,1.0529,1
12884,0.1169,-0.1652,0.9696,1
12894,0.0207,-0.1169,0.8969,1
12904,-0.0552,-0.0937,0.8357,1
12914,-0.1057,-0.0825,0.7644,1
12924,-0.1054,-0.0818,0.6797,1
12934,-0.0849,-0.0874,0.6328,1
12944,-0.0805,-0.1059,0.6626,1
12954,-0.0718,-0.1484,0.7383,1
12964,-0.0349,-0.1874,0.8222,1
12974,0.043,-0.2233,0.8793,1
12984,0.1416,-0.2577,0.9142,1
12994,-0.1494,-1.3147,0.8574,1
13004,-1.5678,-2.1614,1.2066,1
13014,0.38,-0.5479,0.8552,1
13024,-0.9679,1.3025,6.0978,1
13034,-1.1105,1.5456,7.997,1
13044,0.8771,1.6823,4.1165,1
13054,2.3159,2.6668,0.984,1
13064,2.5606,2.525,-0.2092,1
13074,1.334,1.9913,0.1164,1
13084,-0.1994,1.0499,1.3484,1
13094,-0.809,0.8266,1.4373,1
13104,-0.7741,0.8025,1.0236,1
13114,-0.7419,0.4901,0.7493,1
13124,-0.709,0.1381,0.5272,1
13134,-0.8003,-0.1843,0.6519,1
13144,-0.9413,-0.6511,0.8825,1
13154,-0.8911,-0.8413,1.0436,1
13164,-0.8083,-0.9321,1.3657,1
13174,-0.5923,-1.1656,1.4148,1
13184,-0.4173,-1.2098,1.518,1
13194,-0.44,-1.4407,1.8133,1
13204,-0.3666,-1.6496,2.0218,1
13214,0.1003,-1.6215,1.8895,1
13224,0.7019,-1.5146,1.5593,1
13234,1.0414,-1.3633,1.447,1
13244,1.0109,-1.2366,1.6032,1
13254,0.8308,-1.0909,1.7626,1
13264,0.656,-0.881,1.7472,1
13274,0.4569,-0.4193,1.5976,1
13284,-0.9015,1.3726,-0.2143,1
13294,0.1572,-0.7058,0.6917,1
13304,-0.5135,-0.3104,2.3232,1
13314,-0.2597,-1.4338,2.1562,1
13324,0.1926,-1.7777,1.4548,1
13334,0.5789,-1.5725,0.9806,1
13344,0.5181,-1.4678,0.9364,1
13354,0.0927,-1.4048,1.1371,1
13364,-0.1655,-1.3618,1.18,1
13374,-0.2521,-0.987,1.088,1
13384,-0.3087,-0.7187,0.9836,1
13394,-0.4464,-0.5125,1.0953,1
13404,-0.5787,-0.2477,1.3704,1
13414,-0.4273,0.0164,1.375,1
13424,-0.1289,0.2087,1.1153,1
13434,0.0198,0.3717,0.9992,1
13444,0.1272,0.4259,0.974,1
13454,0.1977,0.4259,0.9401,1
13464,0.2838,0.4591,0.8562,1
13474,0.3585,0.4557,0.7722,1
13484,0.3453,0.4003,0.7605,1
13494,0.296,0.3226,0.8095,1
13504,0.2231,0.2509,0.8698,1
13514,0.1211,0.1518,1.028,1
13524,-0.0639,-0.06,1.1407,1
13534,-0.8784,-4.4911,1.8307,1
13544,-0.7346,-3.4188,2.5094,1
13554,-2.4816,0.8161,6.9061,1
13564,-2.3185,1.7916,6.9332,1
13574,-0.3959,1.4802,3.3148,1
13584,0.8183,2.2724,1.2203,1
13594,1.1815,2.5458,0.1342,1
13604,0.9757,2.2138,-0.0425,1
13614,0.4039,2.0667,0.4442,1
13624,0.0068,1.8338,0.6045,1
13634,-0.1179,1.5585,0.3436,1
13644,-0.1106,1.1786,0.1269,1
13654,-0.1335,0.9116,0.0249,1
13664,-0.1823,0.6463,0.3878,1
13674,-0.5728,0.1833,1.2,1
13684,-1.0189,-0.2877,1.7072,1
13694,-0.9338,-0.5289,1.7816,1
13704,-0.6509,-0.7229,1.7108,1
13714,-0.6399,-0.9338,1.9686,1
13724,-0.9513,-1.2303,2.7632,1
13734,-0.8173,-1.4668,2.9995,1
13744,-0.2165,-1.6213,2.5848,1
13754,0.5367,-1.7069,2.0149,1
13764,0.9716,-1.7575,1.7435,1
13774,1.0492,-1.8007,1.7511,1
13784,0.9545,-1.7218,1.775,1
13794,0.8274,-1.603,1.6776,1
13804,0.6089,-1.3858,1.5622,1
13814,0.2565,-1.1319,1.5349,1
13824,-0.1096,-0.8659,1.5512,1
13834,-0.359,-0.5801,1.5017,1
13844,-0.4637,-0.33,1.3577,1
13854,-0.4874,-0.0988,1.1773,1
13864,-0.4439,0.1062,0.9755,1
13874,-0.3771,0.2465,0.8044,1
13884,-0.3034,0.3683,0.688,1
13894,-0.2148,0.4015,0.5611,1
13904,-0.0476,0.4769,0.4464,1
13914,0.0383,0.5013,0.4527,1
13924,0.0325,0.4264,0.6023,1
13934,0.0544,0.3156,0.7541,1
13944,0.0676,0.2087,0.8637,1
13954,0.1281,0.0166,0.9164,1
13964,0.1684,-0.1557,0.9723,1
13974,0.1601,-0.3436,1.089,1
13984,0.1303,-0.5274,1.1993,1
13994,-3.3612,-6.0736,0.6555,1
14004,0.2033,-0.1257,1.7765,1
14014,-0.41,0.3942,5.8381,1
14024,-0.977,1.7636,7.997,1
14034,0.6541,1.5512,4.9788,1
14044,2.1401,2.5985,1.5788,1
14054,2.5109,2.5865,0.2143,1
14064,1.429,2.2138,0.1743,1
14074,-0.1108,1.2679,1.3157,1
14084,-0.8893,0.9201,1.4966,1
14094,-0.8488,0.8432,1.0372,1
14104,-0.6441,0.6655,0.4007,1
14114,-0.5813,0.4159,0.1067,1
14124,-0.9179,-0.0483,0.5047,1
14134,-1.2393,-0.5211,0.9853,1
14144,-1.1034,-0.7349,1.1441,1
14154,-0.9306,-0.8496,1.3521,1
14164,-0.6438,-1.0765,1.3416,1
14174,-0.4129,-1.1849,1.3035,1
14184,-0.3224,-1.3164,1.6833,1
14194,-0.7683,-1.5398,2.536,1
14204,-0.3595,-1.7011,2.4838,1
14214,0.5933,-1.5341,1.7743,1
14224,1.2459,-1.3506,1.4104,1
14234,1.2947,-1.2698,1.5341,1
14244,1.0248,-1.2183,1.8253,1
14254,0.8147,-1.0411,1.8583,1
14264,0.6363,-0.8132,1.675,1
14274,0.3275,-0.6111,1.5622,1
14284,-0.0464,-0.4405,1.5229,1
14294,-0.3046,-0.2873,1.3955,1
14304,-0.4042,-0.1179,1.1275,1
14314,-0.4383,0.0351,0.861,1
14324,-0.4764,0.1367,0.708,1
14334,-0.4737,0.2143,0.6038,1
14344,-0.432,0.2421,0.5159,1
14354,-0.3265,0.2382,0.4286,1
14364,-0.1799,0.238,0.3758,1
14374,-0.0603,0.2126,0.4173,1
14384,0.0242,0.1711,0.5889,1
14394,-0.0246,0.1154,0.9301,1
14404,0.0422,-0.0737,1.1178,1
14414,0.1801,-0.1921,1.121,1
14424,0.3168,-0.3575,1.0965,1
14434,0.3544,-0.524,1.1463,1
14444,0.3129,-0.6929,1.2308,1
14454,0.3002,-0.8335,1.244,1
14464,0.3419,-0.9111,1.1612,1
14474,0.3722,-0.945,1.0756,1
14484,0.3449,-0.9584,1.0448,1
14494,0.2719,-0.9301,1.0509,1
14504,0.1906,-0.8691,1.0563,1
14514,0.1252,-0.7729,1.0329,1
14524,0.0913,-0.6475,0.9767,1
14534,0.0737,-0.5093,0.924,1
14544,0.0527,-0.3788,0.9045,1
14554,0.0351,-0.2572,0.9006,1
14564,0.0281,-0.1538,0.8913,1
14574,0.0473,-0.0735,0.8576,1
14584,0.0613,-0.0215,0.8283,1
14594,0.0703,-0.001,0.8125,1
14604,0.0735,-0.009,0.8008,1
14614,0.0705,-0.0439,0.8034,1
14624,0.0652,-0.1045,0.8142,1
14634,0.063,-0.1843,0.8293,1
14644,0.0749,-0.2763,0.833,1
14654,0.0932,-0.3619,0.8464,1
14664,0.1008,-0.4405,0.8832,1
14674,0.1128,-0.5096,0.9289,1
14684,0.1513,-0.553,0.9557,1
14694,0.1943,-0.5723,0.9679,1
14704,0.2172,-0.5787,0.9975,1
14714,0.2194,-0.5696,1.0385,1
14724,0.2221,-0.5494,1.0433,1
14734,0.2306,-0.5179,1.0153,1
14744,0.2199,-0.4832,0.9838,1
14754,0.1921,-0.4496,0.9582,1
14764,0.1564,-0.4159,0.9303,1
14774,0.125,-0.381,0.8901,1
14784,0.092,-0.3463,0.8688,1
14794,0.0591,-0.3217,0.8637,1
14804,0.0366,-0.3031,0.8527,1
14814,0.0339,-0.2902,0.84,1
14824,0.0432,-0.2855,0.8288,1
14834,0.0686,-0.2938,0.8132,1
14844,0.0959,-0.3021,0.8112,1
14854,0.1118,-0.3197,0.8408,1
14864,0.1147,-0.3453,0.8918,1
14874,0.132,-0.369,0.9301,1
14884,0.173,-0.3832,0.9372,1
14894,0.2099,-0.3915,0.9445,1
14904,0.217,-0.4083,0.9721,1
14914,0.205,-0.4266,1.0123,1
14924,0.184,-0.4471,1.0326,1
14934,0.184,-0.462,1.0119,1
14944,0.1786,-0.4679,0.9838,1
14954,0.1562,-0.4701,0.9692,1
14964,0.1279,-0.4727,0.9594,1
14974,0.1147,-0.4591,0.9428,1
14984,0.1135,-0.431,0.9216,1
14994,0.1098,-0.4034,0.9111,1
15004,0.104,-0.3776,0.9025,1
15014,0.1093,-0.3551,0.8871,1
15024,0.1289,-0.3317,0.8547,1
15034,0.1491,-0.3097,0.8249,1
15044,0.1528,-0.2936,0.8249,1
15054,0.1423,-0.2863,0.8427,1
15064,0.1335,-0.289,0.8569,1
15074,0.1367,-0.2956,0.852,1
15084,0.135,-0.3109,0.8449,1
15094,0.1315,-0.3273,0.8532,1
15104,0.1359,-0.3368,0.8515,1
15114,0.153,-0.3458,0.8386,1
15124,0.1479,-0.3539,0.8461,1
15134,0.1457,-0.37,0.8564,1
15144,0.1552,-0.3756,0.8559,1
15154,0.1664,-0.3768,0.8488,1
15164,0.1652,-0.3761,0.8564,1
15174,0.1467,-0.379,0.8869,1
15184,0.1323,-0.379,0.9152,1
15194,0.1362,-0.3766,0.9128,1
15204,0.1516,-0.3705,0.8957,1
15214,0.1616,-0.358,0.8876,1
15224,0.152,-0.3468,0.9079,1
15234,0.1425,-0.3373,0.9345,1
15244,0.1428,-0.3251,0.9423,1
15254,0.1589,-0.3121,0.9267,1
15264,0.165,-0.3021,0.9147,1
15274,0.1516,-0.2999,0.9377,1
15284,0.1296,-0.3102,0.9611,1
15294,0.1264,-0.3197,0.956,1
15304,0.1423,-0.3275,0.9218,1
15314,0.1533,-0.3363,0.8996,1
15324,0.1489,-0.3458,0.9028,1
15334,0.6128,-7.0174,2.27,1
15344,-0.5069,-5.6638,2.1233,1
15354,-3.5222,-0.1406,7.997,1
15364,-3.2543,2.2939,7.997,1
15374,-0.8659,1.385,3.5361,1
15384,0.4928,2.0755,0.9574,1
15394,0.8183,2.6697,0.4183,1
15404,0.543,2.3037,0.2702,1
15414,0.1474,2.1828,0.5113,1
15424,-0.0327,2.1877,0.5223,1
15434,0.0276,2.0425,0.1152,1
15444,0.0903,1.7311,-0.2248,1
15454,-0.1157,1.3121,-0.1601,1
15464,-0.3287,0.7864,0.1108,1
15474,-0.44,0.5845,0.6284,1
15484,-0.5916,0.1291,1.2469,1
15494,-0.8884,-0.2516,1.6945,1
15504,-0.8252,-0.555,1.8153,1
15514,-0.4159,-0.7258,1.4936,1
15524,-0.5862,-0.6529,2.3476,1
15534,-0.9452,-1.0565,3.3368,1
15544,-0.6936,-1.2152,3.4366,1
15554,-0.1352,-1.4746,2.9516,1
15564,0.6099,-1.6598,2.2295,1
15574,1.0287,-1.7655,1.8717,1
15584,1.0641,-1.8875,1.8221,1
15594,0.9618,-1.8705,1.7716,1
15604,0.8422,-1.7367,1.6091,1
15614,0.6197,-1.5778,1.4534,1
15624,0.2506,-1.3128,1.458,1
15634,-0.1181,-1.0292,1.4992,1
15644,-0.3614,-0.7295,1.4861,1
15654,-0.4342,-0.4086,1.3801,1
15664,-0.4439,-0.0974,1.2545,1
15674,-0.4493,0.113,1.1844,1
15684,-0.4325,0.2824,1.1066,1
15694,-0.3295,0.3192,0.8647,1
15704,-0.0117,0.4339,0.5347,1
15714,0.1396,0.6265,0.4474,1
15724,0.1096,0.5935,0.6145,1
15734,0.072,0.5157,0.7727,1
15744,0.1201,0.4054,0.8017,1
15754,0.2104,0.2753,0.7524,1
15764,0.3009,0.1193,0.7312,1
15774,0.3041,0.0444,0.9025,1
15784,0.0815,-0.1599,1.2232,1
15794,-0.0071,-0.4659,1.3318,1
15804,0.0891,-0.676,1.1771,1
15814,0.2192,-0.84,1.0041,1
15824,0.2323,-0.9823,0.9975,1
15834,0.184,-1.1095,1.0892,1
15844,0.2016,-1.1263,1.1175,1
15854,0.2899,-1.0878,1.0543,1
15864,0.3488,-0.9965,1.0209,1
15874,0.3346,-0.8813,1.0665,1
15884,0.2804,-0.7368,1.1305,1
15894,0.2433,-0.5645,1.1463,1
15904,0.2277,-0.3873,1.1156,1
15914,0.2038,-0.2277,1.0709,1
15924,0.1547,-0.113,1.0377,1
15934,0.0945,-0.03,1.0001,1
15944,0.0522,0.0222,0.9423,1
15954,0.0354,0.0547,0.852,1
15964,0.0371,0.0664,0.7451,1
15974,0.0354,0.052,0.6797,1
15984,0.0,0.0095,0.688,1
15994,-0.0347,-0.0591,0.7336,1
16004,-0.0327,-0.1323,0.7676,1
16014,0.0046,-0.2067,0.7949,1
16024,0.0264,-0.3021,0.8657,1
16034,0.0739,-0.4149,0.923,1
16044,0.1508,-0.4898,0.9526,1
16054,0.2177,-0.5589,0.9945,1
16064,0.2524,-0.6148,1.0519,1
16074,0.2812,-0.6607,1.0841,1
16084,0.3207,-0.6738,1.0748,1
16094,0.3507,-0.6668,1.049,1
16104,0.3392,-0.6485,1.0453,1
16114,0.3007,-0.6216,1.047,1
16124,0.2763,-0.5689,1.008,1
16134,0.2558,-0.5008,0.9508,1
16144,0.2187,-0.4322,0.9076,1
16154,0.1643,-0.3715,0.8947,1
16164,0.1096,-0.3214,0.8874,1
16174,0.083,-0.2758,0.8681,1
16184,0.0766,-0.2328,0.8286,1
16194,0.0786,-0.2148,0.7883,1
16204,0.0815,-0.2194,0.7619,1
16214,0.0766,-0.2416,0.7698,1
16224,0.0693,-0.2719,0.8005,1
16234,0.0713,-0.3053,0.8503,1
16244,0.1052,-0.3414,0.872,1
16254,0.1606,-0.3739,0.8708,1
16264,0.2048,-0.4112,0.8796,1
16274,0.2348,-0.4469,0.8994,1
16284,0.2497,-0.4747,0.9294,1
16294,0.2536,-0.4859,0.9665,1
16304,0.2638,-0.4891,0.9755,1
16314,0.2672,-0.4842,0.9721,1
16324,0.2541,-0.4818,0.9628,1
16334,0.2284,-0.4749,0.956,1
16344,0.1972,-0.46,0.9428,1
16354,0.1808,-0.4322,0.9059,1
16364,0.1669,-0.3998,0.8706,1
16374,0.152,-0.3766,0.8447,1
16384,0.1296,-0.3473,0.8427,1
16394,0.1125,-0.3292,0.8447,1
16404,0.1142,-0.308,0.8361,1
16414,0.1228,-0.2958,0.8342,1
16424,0.1279,-0.2904,0.8483,1
16434,0.1315,-0.2963,0.872,1
16444,0.1464,-0.3034,0.8901,1
16454,0.1682,-0.3134,0.9059,1
16464,0.1909,-0.3319,0.9059,1
16474,0.217,-0.358,0.8893,1
16484,0.2243,-0.3895,0.8881,1
16494,0.217,-0.422,0.8962,1
16504,0.2057,-0.4515,0.8981,1
16514,0.2013,-0.4627,0.8979,1
16524,0.1972,-0.4637,0.9072,1
16534,0.1921,-0.4569,0.9242,1
16544,0.1894,-0.4403,0.9325,1
16554,0.1843,-0.4208,0.9377,1
16564,0.1909,-0.4039,0.9199,1
16574,0.2121,-0.3802,0.8764,1
16584,0.2165,-0.3524,0.8588,1
16594,-3.3824,1.7682,-0.7776,1
16604,0.1581,-0.7898,-0.2004,1
16614,2.822,1.5332,4.2481,1
16624,0.5799,0.8681,7.997,1
16634,-0.226,-1.0726,7.997,1
16644,2.873,0.2079,6.2318,1
16654,5.1191,1.2086,2.2863,1
16664,4.0711,0.6382,1.2593,1
16674,0.5687,-0.3229,3.479,1
16684,-2.2265,-1.0028,5.4354,1
16694,-2.5545,-0.9089,4.4582,1
16704,-1.8953,-0.5879,2.5794,1
16714,-1.8026,-0.3351,1.4553,1
16724,-1.8358,-0.0796,0.9721,1
16734,-1.8744,0.0076,0.576,1
16744,-1.8346,0.1145,0.2399,1
16754,-1.6574,0.1608,-0.0837,1
16764,-1.2464,0.1718,-0.5884,1
16774,-0.7314,0.358,-0.872,1
16784,-0.6006,0.3939,-0.5018,1
16794,-0.6114,0.2848,0.0,1
16804,-0.4349,0.1818,0.2145,1
16814,-0.0905,0.164,0.2877,1
16824,-0.1957,0.238,1.2515,1
16834,-0.5169,-0.1213,2.1746,1
16844,-0.2245,-0.2453,2.3215,1
16854,0.4227,-0.2472,2.0037,1
16864,0.9523,-0.3265,1.726,1
16874,1.0873,-0.5057,1.7692,1
16884,0.9792,-0.74,1.9354,1
16894,0.8693,-0.8879,1.9085,1
16904,0.7898,-1.0087,1.6681,1
16914,0.6182,-1.0709,1.4067,1
16924,0.3187,-1.097,1.2486,1
16934,-0.031,-1.0597,1.1812,1
16944,-0.2858,-0.9584,1.1124,1
16954,-0.4059,-0.7844,0.9731,1
16964,-0.4303,-0.5962,0.7934,1
16974,-0.43,-0.419,0.6697,1
16984,-0.419,-0.2611,0.5948,1
16994,-0.4083,-0.1189,0.625,1
17004,-0.3758,0.0073,0.7424,1
17014,-0.2609,0.1064,0.82,1
17024,-0.0639,0.1869,0.8017,1
17034,0.1223,0.2192,0.7929,1
17044,0.2216,0.2026,0.8503,1
17054,0.2814,0.1342,0.9323,1
17064,0.2963,0.0493,1.0282,1
17074,0.279,-0.0752,1.1066,1
17084,0.2316,-0.2455,1.1273,1
17094,0.194,-0.4212,1.0848,1
17104,0.1569,-0.5765,1.0141,1
17114,0.114,-0.7112,0.9565,1
17124,0.0598,-0.8005,0.945,1
17134,0.0266,-0.8442,0.9362,1
17144,0.0156,-0.8461,0.9255,1
17154,0.0159,-0.8178,0.9172,1
17164,0.0342,-0.7576,0.8967,1
17174,0.0593,-0.6714,0.8852,1
17184,0.0722,-0.5623,0.9125,1
17194,0.0791,-0.4452,0.9609,1
17204,0.1013,-0.3297,0.9814,1
17214,0.1401,-0.2133,0.9677,1
17224,0.163,-0.1333,0.9418,1
17234,0.1525,-0.0888,0.923,1
17244,0.1164,-0.0735,0.9213,1
17254,0.0761,-0.0842,0.9142,1
17264,0.0478,-0.1169,0.8803,1
17274,0.0168,-0.1686,0.8586,1
17284,-0.0103,-0.2397,0.8437,1
17294,-0.0183,-0.3139,0.8247,1
17304,-0.009,-0.3824,0.8081,1
17314,0.011,-0.4452,0.8137,1
17324,0.0325,-0.4964,0.8442,1
17334,0.0534,-0.5308,0.8891,1
17344,0.0842,-0.5491,0.9367,1
17354,0.122,-0.5555,0.9689,1
17364,0.1662,-0.5403,0.9872,1
17374,0.2026,-0.5191,0.9933,1
17384,0.216,-0.4893,1.0009,1
17394,0.2084,-0.461,1.006,1
17404,0.1999,-0.4273,0.985,1
17414,0.1804,-0.389,0.9513,1
17424,0.1477,-0.3593,0.9135,1
17434,0.1001,-0.339,0.8884,1
17444,0.042,-0.3256,0.8801,1
17454,0.0017,-0.3195,0.8591,1
17464,-0.012,-0.3048,0.8376,1
17474,-0.0117,-0.2956,0.8152,1
17484,-0.009,-0.2975,0.8161,1
17494,-0.0063,-0.306,0.8364,1
17504,0.0063,-0.3178,0.8649,1
17514,0.0339,-0.3385,0.8774,1
17524,0.0749,-0.3551,0.885,1
17534,0.1118,-0.3795,0.8923,1
17544,0.1523,-0.4029,0.8854,1
17554,0.1762,-0.4212,0.8911,1
17564,0.1762,-0.4391,0.922,1
17574,0.1516,-0.4537,0.963,1
17584,0.1376,-0.4618,0.9857,1
17594,0.1357,-0.4581,0.9699,1
17604,0.1355,-0.4535,0.934,1
17614,0.1328,-0.4464,0.9006,1
17624,0.1232,-0.4276,0.8737,1
17634,0.1035,-0.399,0.8757,1
17644,0.0664,-0.3668,0.9155,1
17654,0.0325,-0.3414,0.9535,1
17664,0.0278,-0.3222,0.9455,1
17674,0.0549,-0.3039,0.8991,1
17684,-0.0022,-0.3041,0.7888,1
17694,-2.1838,3.0673,-1.8814,1
17704,1.768,1.3623,1.4734,1
17714,0.4596,-0.4696,6.7714,1
17724,-0.6587,-0.9621,7.997,1
17734,2.1316,-0.4103,6.3304,1
17744,4.8377,0.3978,2.3137,1
17754,4.4904,0.2897,1.4028,1
17764,1.5798,-0.615,3.069,1
17774,-1.0843,-1.1995,4.6666,1
17784,-1.898,-1.1805,4.2039,1
17794,-1.7594,-0.7056,2.8399,1
17804,-1.8173,-0.4505,1.9293,1
17814,-2.0086,-0.1869,1.5585,1
17824,-2.0767,0.1152,1.2196,1
17834,-1.8795,0.3348,0.9618,1
17844,-1.4036,0.4171,0.226,1
17854,-0.9018,0.6651,-0.3483,1
17864,-0.5638,0.8388,-0.4786,1
17874,-0.5164,0.8142,-0.1694,1
17884,-0.4818,0.7532,0.1516,1
17894,-0.3863,0.6414,0.3544,1
17904,-0.2287,0.4537,0.4805,1
17914,-0.0144,0.3929,0.8115,1
17924,0.1213,0.3639,1.4128,1
17934,-0.0937,0.1135,2.0227,1
17944,-0.041,-0.2309,2.2021,1
17954,0.2909,-0.4227,1.9664,1
17964,0.5777,-0.6677,1.7165,1
17974,0.6287,-0.914,1.655,1
17984,0.5152,-1.1539,1.7003,1
17994,0.4271,-1.2847,1.633,1
18004,0.3727,-1.3282,1.4604,1
18014,0.2821,-1.3304,1.2962,1
18024,0.1608,-1.2303,1.1654,1
18034,0.012,-1.1129,1.0582,1
18044,-0.1623,-0.9386,1.0189,1
18054,-0.3065,-0.7429,0.9972,1
18064,-0.3802,-0.5342,0.9584,1
18074,-0.3837,-0.3229,0.9294,1
18084,-0.3488,-0.1281,0.922,1
18094,-0.2975,0.0288,0.9177,1
18104,-0.1989,0.1501,0.8742,1
18114,-0.0832,0.2331,0.8193,1
18124,0.0159,0.2809,0.7817,1
18134,0.0883,0.2775,0.7722,1
18144,0.1323,0.2541,0.8022,1
18154,0.1252,0.1806,0.8681,1
18164,0.1013,0.0666,0.9338,1
18174,0.0788,-0.0659,0.9713,1
18184,0.0749,-0.2055,0.9728,1
18194,0.0671,-0.3527,0.9748,1
18204,0.0315,-0.5194,1.0026,1
18214,0.0246,-0.6526,1.0004,1
18224,0.0317,-0.7488,1.0004,1
18234,0.042,-0.8166,1.0021,1
18244,0.0552,-0.8444,1.0036,1
18254,0.0766,-0.8396,0.9884,1
18264,0.1074,-0.7959,0.9706,1
18274,0.1296,-0.719,0.9679,1
18284,0.1298,-0.6177,0.9816,1
18294,0.1064,-0.5111,1.0182,1
18304,0.0798,-0.4,1.0377,1
18314,0.0715,-0.3039,1.0153,1
18324,0.0732,-0.214,0.9709,1
18334,0.0603,-0.1452,0.9262,1
18344,0.0317,-0.104,0.903,1
18354,0.0039,-0.0844,0.885,1
18364,-0.0132,-0.0847,0.8564,1
18374,-0.0212,-0.1013,0.821,1
18384,-0.0268,-0.1342,0.8049,1
18394,-0.0381,-0.1818,0.8186,1
18404,-0.0534,-0.2499,0.8503,1
18414,-0.0378,-0.3163,0.8645,1
18424,-0.009,-0.3778,0.8798,1
18434,0.0246,-0.4374,0.9045,1
18444,0.0583,-0.4818,0.9267,1
18454,0.0903,-0.5152,0.955,1
18464,0.1223,-0.533,0.975,1
18474,0.1394,-0.5425,0.9909,1
18484,0.1416,-0.5379,0.9994,1
18494,0.1464,-0.525,0.9872,1
18504,0.1491,-0.4991,0.9604,1
18514,0.1345,-0.4596,0.9372,1
18524,0.0981,-0.4195,0.9357,1
18534,0.0532,-0.3778,0.9416,1
18544,0.0144,-0.3412,0.9401,1
18554,-0.002,-0.3117,0.9094,1
18564,-0.0081,-0.279,0.8767,1
18574,-0.0066,-0.2555,0.8422,1
18584,-0.0027,-0.2406,0.8203,1
18594,-0.0037,-0.2409,0.8222,1
18604,-0.0144,-0.2514,0.8496,1
18614,-0.0085,-0.2724,0.8657,1
18624,0.0203,-0.2982,0.8623,1
18634,0.0464,-0.3287,0.8659,1
18644,0.0591,-0.3636,0.8869,1
18654,0.0713,-0.3954,0.9174,1
18664,0.0813,-0.4142,0.9499,1
18674,0.1062,-0.4281,0.955,1
18684,0.1345,-0.4352,0.9347,1
18694,0.143,-0.4381,0.9301,1
18704,0.1394,-0.4388,0.9301,1
18714,0.1242,-0.4308,0.936,1
18724,0.0959,-0.4149,0.954,1
18734,0.0581,-0.399,0.9804,1
18744,0.0305,-0.3819,0.985,1
18754,-0.0888,-0.3902,0.8735,1
18764,-2.1289,5.3148,-2.0137,1
18774,1.0512,1.5146,2.9807,1
18784,-1.4802,-0.7824,7.997,1
18794,-0.8676,-2.3632,7.997,1
18804,3.6753,-1.4873,5.2172,1
18814,6.1656,-1.5405,2.3366,1
18824,3.7604,-0.9052,2.9179,1
18834,0.8156,-0.9443,4.4113,1
18844,-1.0055,-0.995,5.0459,1
18854,-1.7291,-0.4661,4.29,1
18864,-2.1816,-0.3344,3.5161,1
18874,-2.5899,0.03,3.0946,1
18884,-2.607,0.3197,2.5016,1
18894,-2.4289,0.6092,1.9217,1
18904,-2.114,0.7619,1.2911,1
18914,-1.4595,0.9836,0.5914,1
18924,-0.8425,1.2047,-0.2531,1
18934,-0.4864,1.1581,-0.5323,1
18944,-0.3749,1.192,-0.3934,1
18954,-0.3605,1.1607,-0.0605,1
18964,-0.3161,0.9967,0.2226,1
18974,-0.2387,0.8081,0.4547,1
18984,-0.123,0.5496,0.5938,1
18994,0.032,0.4361,0.9228,1
19004,-0.1364,0.3641,1.7997,1
19014,-0.5023,-0.186,2.534,1
19024,-0.3224,-0.4549,2.4481,1
19034,0.1191,-0.7009,2.0637,1
19044,0.4366,-0.9555,1.8024,1
19054,0.5228,-1.1668,1.7665,1
19064,0.3517,-1.3728,1.9288,1
19074,0.32,-1.4756,1.8568,1
19084,0.3883,-1.487,1.5817,1
19094,0.3993,-1.4355,1.3172,1
19104,0.2748,-1.3135,1.1764,1
19114,0.0366,-1.1732,1.1395,1
19124,-0.2182,-0.9777,1.1515,1
19134,-0.3932,-0.7461,1.1373,1
19144,-0.4735,-0.5006,1.1002,1
19154,-0.492,-0.2521,1.0826,1
19164,-0.4693,-0.0422,1.0624,1
19174,-0.3873,0.1408,0.9989,1
19184,-0.2682,0.2799,0.9211,1
19194,-0.1743,0.3539,0.8601,1
19204,-0.0669,0.3693,0.7885,1
19214,0.0386,0.3793,0.7224,1
19224,0.1052,0.3629,0.71,1
19234,0.123,0.307,0.7441,1
19244,0.1152,0.2406,0.8147,1
19254,-0.0088,0.1362,0.9989,1
19264,-0.0513,-0.0815,1.0638,1
19274,-0.0061,-0.2341,0.9879,1
19284,0.0176,-0.3968,0.9589,1
19294,-0.0666,-0.5813,1.0555,1
19304,-0.1032,-0.759,1.1146,1
19314,-0.0378,-0.8425,1.0648,1
19324,0.0727,-0.8889,0.9716,1
19334,0.1355,-0.8986,0.9389,1
19344,0.1245,-0.8871,0.9796,1
19354,0.0935,-0.8349,1.048,1
19364,0.081,-0.7449,1.0748,1
19374,0.0903,-0.6263,1.0648,1
19384,0.0891,-0.4901,1.0465,1
19394,0.0666,-0.3654,1.039,1
19404,0.0344,-0.2492,1.0414,1
19414,0.0076,-0.1564,1.0238,1
19424,-0.0139,-0.0813,0.9814,1
19434,-0.0222,-0.0347,0.914,1
19444,-0.0415,-0.0142,0.8564,1
19454,-0.0613,-0.0173,0.8166,1
19464,-0.0776,-0.0412,0.7968,1
19474,-0.084,-0.0718,0.791,1
19484,-0.0825,-0.1145,0.801,1
19494,-0.0786,-0.1701,0.8415,1
19504,-0.0761,-0.2419,0.8925,1
19514,-0.053,-0.3309,0.9294,1
19524,-0.0044,-0.4025,0.933,1
19534,0.0498,-0.4671,0.9399,1
19544,0.0815,-0.5206,0.9723,1
19554,0.0957,-0.5518,1.0121,1
19564,0.1167,-0.5694,1.0263,1
19574,0.1384,-0.5657,1.0189,1
19584,0.1423,-0.5508,1.0053,1
19594,0.122,-0.5255,0.9987,1
19604,0.0859,-0.4913,0.9997,1
19614,0.0464,-0.4476,0.9843,1
19624,0.0159,-0.3966,0.9643,1
19634,-0.0134,-0.3461,0.935,1
19644,-0.0271,-0.2987,0.8972,1
19654,-0.0339,-0.2563,0.8613,1
19664,-0.0491,-0.2245,0.8496,1
19674,-0.062,-0.2065,0.8493,1
19684,-0.0622,-0.1926,0.8488,1
19694,-0.0456,-0.1887,0.8442,1
19704,-0.0249,-0.2043,0.8422,1
19714,-0.0081,-0.2304,0.8576,1
19724,0.0142,-0.2599,0.8723,1
19734,0.0415,-0.2948,0.8847,1
19744,0.0637,-0.3283,0.9035,1
19754,0.0749,-0.3656,0.924,1
19764,0.0791,-0.3985,0.9487,1
19774,0.0791,-0.4273,0.9591,1
19784,0.0759,-0.4405,0.9696,1
19794,0.0683,-0.4474,0.985,1
19804,0.0642,-0.4432,0.9814,1
19814,0.0652,-0.4276,0.9604,1
19824,0.0559,-0.4034,0.9462,1
19834,-3.6362,3.9498,-2.6287,1
19844,0.7026,2.2751,2.2558,1
19854,-1.384,-0.4847,7.997,1
19864,-1.487,-1.2127,7.997,1
19874,3.1828,0.1911,6.419,1
19884,6.4153,1.0231,2.4286,1
19894,5.2253,0.4513,2.0686,1
19904,1.6845,-0.5015,3.9752,1
19914,-1.2537,-1.0499,5.6904,1
19924,-2.1943,-0.9548,5.114,1
19934,-2.3049,-0.6199,3.748,1
19944,-2.5201,-0.2589,2.8381,1
19954,-2.7984,-0.0129,2.4018,1
19964,-2.7864,0.337,2.0081,1
19974,-2.4906,0.6109,1.5537,1
19984,-1.9076,0.8132,0.8906,1
19994,-1.1136,0.9757,-0.1335,1
20004,-0.6216,1.0509,-0.6419,1
20014,-0.4417,1.0753,-0.4952,1
20024,-0.4749,1.0756,-0.0547,1
20034,-0.411,0.9499,0.2497,1
20044,-0.2663,0.8137,0.4164,1
20054,-0.1267,0.6211,0.5721,1
20064,0.0325,0.4774,0.9264,1
20074,0.1076,0.4208,1.5812,1
20084,-0.2987,0.1355,2.3015,1
20094,-0.3019,-0.3107,2.4977,1
20104,0.0966,-0.4935,2.1274,1
20114,0.4322,-0.7756,1.806,1
20124,0.5045,-1.0119,1.6886,1
20134,0.3229,-1.2606,1.8441,1
20144,0.1625,-1.4085,1.8639,1
20154,0.2121,-1.4453,1.5847,1
20164,0.2489,-1.4006,1.2998,1
20174,0.1711,-1.2933,1.13,1
20184,-0.0159,-1.1698,1.0638,1
20194,-0.2304,-1.0021,1.0453,1
20204,-0.3995,-0.7971,1.0189,1
20214,-0.4681,-0.5791,0.9443,1
20224,-0.5035,-0.3556,0.9347,1
20234,-0.4964,-0.1425,0.975,1
20244,-0.4171,0.0561,0.966,1
20254,-0.3087,0.215,0.963,1
20264,-0.1852,0.3283,0.9433,1
20274,-0.063,0.3492,0.885,1
20284,0.07,0.3617,0.7956,1
20294,0.1645,0.3514,0.7549,1
20304,0.1926,0.3043,0.7793,1
20314,0.1669,0.2455,0.8715,1
20324,0.0122,0.134,1.0472,1
20334,-0.05,-0.0737,1.08,1
20344,-0.0493,-0.2221,1.0285,1
20354,-0.1013,-0.4305,1.0206,1
20364,-0.1376,-0.6214,1.0197,1
20374,-0.125,-0.7385,0.9982,1
20384,-0.084,-0.8281,0.9823,1
20394,-0.0439,-0.8645,0.9731,1
20404,-0.0105,-0.8742,0.9823,1
20414,0.0173,-0.8457,0.9997,1
20424,0.0361,-0.7829,1.0287,1
20434,0.052,-0.6909,1.0421,1
20444,0.0744,-0.575,1.0399,1
20454,0.0715,-0.4464,1.0482,1
20464,0.0625,-0.3292,1.0448,1
20474,0.041,-0.2243,1.047,1
20484,0.0225,-0.1477,1.0072,1
20494,0.0303,-0.0781,0.9391,1
20504,0.0059,-0.0361,0.8989,1
20514,-0.0317,-0.0256,0.8837,1
20524,-0.073,-0.0354,0.8686,1
20534,-0.1003,-0.0666,0.8481,1
20544,-0.1225,-0.1215,0.8269,1
20554,-0.1386,-0.1928,0.8278,1
20564,-0.1394,-0.2624,0.8452,1
20574,-0.1264,-0.3344,0.8674,1
20584,-0.093,-0.3966,0.884,1
20594,-0.0559,-0.4505,0.9103,1
20604,-0.0166,-0.4918,0.9423,1
20614,0.0256,-0.5152,0.9596,1
20624,0.0727,-0.5184,0.9655,1
20634,0.1135,-0.5079,0.9687,1
20644,0.1274,-0.4867,0.9792,1
20654,0.1179,-0.4561,0.9911,1
20664,0.0993,-0.4186,0.9953,1
20674,0.0683,-0.3817,0.984,1
20684,0.0334,-0.3385,0.9684,1
20694,-0.0044,-0.2985,0.9496,1
20704,-0.04,-0.2685,0.9216,1
20714,-0.0627,-0.2402,0.8886,1
20724,-0.082,-0.225,0.854,1
20734,-0.101,-0.2177,0.8374,1
20744,-0.1215,-0.2184,0.8476,1
20754,-0.1284,-0.2277,0.8706,1
20764,-0.1191,-0.2448,0.8845,1
20774,-0.0905,-0.2653,0.8876,1
20784,-0.06,-0.2936,0.8932,1
20794,-0.0342,-0.33,0.9113,1
20804,-0.0166,-0.371,0.9367,1
20814,0.0068,-0.4059,0.9396,1
20824,0.0466,-0.4286,0.9157,1
20834,0.0769,-0.4388,0.9096,1
20844,0.0683,-0.4493,0.9306,1
20854,0.0532,-0.45,0.9574,1
20864,0.0386,-0.4354,0.9767,1
20874,0.0408,-0.4078,0.9711,1
20884,0.0471,-0.3754,0.9499,1
20894,0.0405,-0.3451,0.9362,1
20904,0.0156,-0.3229,0.9247,1
20914,-0.0046,-0.309,0.9098,1
20924,-0.0112,-0.2941,0.881,1
20934,-0.0164,-0.2787,0.8623,1
20944,-0.0351,-0.2707,0.8593,1
20954,-0.0388,-0.2655,0.8613,1
20964,-0.042,-0.2516,0.8789,1
20974,-2.9804,3.6211,0.7195,1
20984,1.2669,1.9137,0.6997,1
20994,-0.862,1.0551,7.997,1
21004,-2.4623,-1.366,7.997,1
21014,2.9187,-0.0639,7.4628,1
21024,6.8429,2.166,2.4169,1
21034,5.9303,1.2298,1.252,1
21044,1.7865,0.0071,3.8283,1
21054,-2.0623,-0.6648,6.6542,1
21064,-2.936,-0.8173,5.9572,1
21074,-2.5714,-0.505,3.9215,1
21084,-2.5372,-0.142,2.6534,1
21094,-2.9358,-0.0173,2.1965,1
21104,-3.1147,0.3475,2.1013,1
21114,-2.6693,0.6223,1.4168,1
21124,-2.0176,0.6663,0.5203,1
21134,-1.4704,0.6331,-0.1999,1
21144,-1.0414,0.7358,-0.573,1
21154,-0.6182,0.6604,-0.8161,1
21164,-0.3646,0.7668,-0.646,1
21174,-0.3881,0.6885,-0.1232,1
21184,-0.3283,0.5277,0.2226,1
21194,-0.2162,0.4251,0.3802,1
21204,-0.0322,0.3619,0.8147,1
21214,-0.2741,0.3231,1.644,1
21224,-0.4632,0.0156,2.3215,1
21234,-0.2006,-0.1918,2.3971,1
21244,0.3068,-0.3043,2.0652,1
21289,0.0,0.0,0.0,1
21299,0.0,0.0,0.0,1
21309,0.0,0.0,0.0,1
21319,0.0,0.0,0.0,1
21329,0.0,0.0,0.0,1
21339,0.0,0.0,0.0,1
21349,0.0,0.0,0.0,1
21396,0.0,0.0,0.0,1
21406,0.0,0.0,0.0,1
21416,0.0,0.0,0.0,1
21426,0.0,0.0,0.0,1
21436,0.0,0.0,0.0,1
21446,0.0,0.0,0.0,1
21456,0.0,0.0,0.0,1
21466,0.0,0.0,0.0,1
21476,0.0,0.0,0.0,1
21486,0.0,0.0,0.0,1
21496,0.0,0.0,0.0,1
21506,0.0,0.0,0.0,1
21516,0.0,0.0,0.0,1
21526,0.0,0.0,0.0,1
21536,0.0,0.0,0.0,1
21546,0.0,0.0,0.0,1
21556,0.0,0.0,0.0,1
21566,0.0,0.0,0.0,1
21576,0.0,0.0,0.0,1
21586,0.0,0.0,0.0,1
21596,0.0,0.0,0.0,1
21606,0.0,0.0,0.0,1
21616,0.0,0.0,0.0,1
21626,0.0,0.0,0.0,1
21636,0.0,0.0,0.0,1
21646,0.0,0.0,0.0,1
21656,0.0,0.0,0.0,1
21666,0.0,0.0,0.0,1
21676,0.0,0.0,0.0,1
21686,0.0,0.0,0.0,1
21696,0.0,0.0,0.0,1
21706,0.0,0.0,0.0,1
21716,0.0,0.0,0.0,1
21726,0.0,0.0,0.0,1
21736,0.0,0.0,0.0,1
21746,0.0,0.0,0.0,1
21756,0.0,0.0,0.0,1
21766,0.0,0.0,0.0,1
21776,0.0,0.0,0.0,1
21786,0.0,0.0,0.0,1
21796,0.0,0.0,0.0,1
21806,0.0,0.0,0.0,1
21816,0.0,0.0,0.0,1
21826,0.0,0.0,0.0,1
21836,0.0,0.0,0.0,1
21846,0.0,0.0,0.0,1
21856,0.0,0.0,0.0,1
21866,0.0,0.0,0.0,1
21876,0.0,0.0,0.0,1
21886,0.0,0.0,0.0,1
21896,0.0,0.0,0.0,1
21906,0.0,0.0,0.0,1
21916,0.0,0.0,0.0,1
21926,0.0,0.0,0.0,1
21936,0.0,0.0,0.0,1
21946,0.0,0.0,0.0,1
21956,0.0,0.0,0.0,1
21966,0.0,0.0,0.0,1
21976,0.0,0.0,0.0,1
21986,0.0,0.0,0.0,1
21996,0.0,0.0,0.0,1
22006,0.0,0.0,0.0,1
22016,0.0,0.0,0.0,1
22026,0.0,0.0,0.0,1
22036,0.0,0.0,0.0,1
22046,0.0,0.0,0.0,1
22056,0.0,0.0,0.0,1
22066,0.0,0.0,0.0,1
22076,0.0,0.0,0.0,1
22086,0.0,0.0,0.0,1
22096,0.0,0.0,0.0,1
22106,0.0,0.0,0.0,1
22116,0.0,0.0,0.0,1
22126,0.0,0.0,0.0,1
22136,0.0,0.0,0.0,1
22146,0.0,0.0,0.0,1
22156,0.0,0.0,0.0,1
22166,0.0,0.0,0.0,1
22176,0.0,0.0,0.0,1
22186,0.0,0.0,0.0,1
22196,0.0,0.0,0.0,1
22206,0.0,0.0,0.0,1
22216,0.0,0.0,0.0,1
22226,0.0,0.0,0.0,1
22236,0.0,0.0,0.0,1
22246,0.0,0.0,0.0,1
22256,0.0,0.0,0.0,1
22266,0.0,0.0,0.0,1
22276,0.0,0.0,0.0,1
22286,0.0,0.0,0.0,1
22296,0.0,0.0,0.0,1
22306,0.0,0.0,0.0,1
22316,0.0,0.0,0.0,1
22326,0.0,0.0,0.0,1
22336,0.0,0.0,0.0,1
22346,0.0,0.0,0.0,1
22356,0.0,0.0,0.0,1
22366,0.0,0.0,0.0,1
22376,0.0,0.0,0.0,1
22386,0.0,0.0,0.0,1
22396,0.0,0.0,0.0,1
22406,0.0,0.0,0.0,1
22416,0.0,0.0,0.0,1
22426,0.0,0.0,0.0,1
22436,0.0,0.0,0.0,1
22446,0.0,0.0,0.0,1
22456,-0.4691,-5.235,1.6869,1
22582,0.0,0.0,0.0,1
22592,0.0,0.0,0.0,1
22602,0.0,0.0,0.0,1
22612,0.0,0.0,0.0,1
22622,0.0,0.0,0.0,1
22632,0.0,0.0,0.0,1
22642,0.0,0.0,0.0,1
22652,0.0,0.0,0.0,1
22662,0.0,0.0,0.0,1
22672,0.0,0.0,0.0,1
22682,0.0,0.0,0.0,1
22692,0.0,0.0,0.0,1
22702,0.0,0.0,0.0,1
22712,0.0,0.0,0.0,1
22722,0.0,0.0,0.0,1
22732,0.0,0.0,0.0,1
22742,0.0,0.0,0.0,1
22752,0.0,0.0,0.0,1
22762,0.0,0.0,0.0,1
22772,0.0,0.0,0.0,1
22782,0.0,0.0,0.0,1
22792,0.0,0.0,0.0,1
22802,0.0,0.0,0.0,1
22812,0.0,0.0,0.0,1
22822,0.0,0.0,0.0,1
22832,0.0,0.0,0.0,1
22842,0.0,0.0,0.0,1
22852,0.0,0.0,0.0,1
22862,0.0,0.0,0.0,1
22872,0.0,0.0,0.0,1
22882,0.0,0.0,0.0,1
22892,0.0,0.0,0.0,1
22902,0.0,0.0,0.0,1
22912,0.0,0.0,0.0,1
22922,0.0,0.0,0.0,1
22932,0.0,0.0,0.0,1
22942,0.0,0.0,0.0,1
22952,0.0,0.0,0.0,1
22962,0.0,0.0,0.0,1
22972,0.0,0.0,0.0,1
22982,0.0,0.0,0.0,1
22992,0.0,0.0,0.0,1
23002,0.0,0.0,0.0,1
23012,0.0,0.0,0.0,1
23022,0.0,0.0,0.0,1
23032,0.0,0.0,0.0,1
23042,0.0,0.0,0.0,1
23052,0.0,0.0,0.0,1
23062,0.0,0.0,0.0,1
23072,0.0,0.0,0.0,1
23082,0.0,0.0,0.0,1
23092,0.0,0.0,0.0,1
23102,0.0,0.0,0.0,1
23112,0.0,0.0,0.0,1
23122,0.0,0.0,0.0,1
23132,0.0,0.0,0.0,1
23142,0.0,0.0,0.0,1
23152,0.0,0.0,0.0,1
23162,0.0,0.0,0.0,1
23172,0.0,0.0,0.0,1
23182,0.0,0.0,0.0,1
23192,0.0,0.0,0.0,1
23202,0.0,0.0,0.0,1
23212,0.0,0.0,0.0,1
23222,0.0,0.0,0.0,1
23232,0.0,0.0,0.0,1
23242,0.0,0.0,0.0,1
23252,0.0,0.0,0.0,1
23262,0.0,0.0,0.0,1
23272,0.0,0.0,0.0,1
23282,0.0,0.0,0.0,1
23292,0.0,0.0,0.0,1
23302,0.0,0.0,0.0,1
23349,-0.4691,-8.7333,1.6869,1
23436,0.0,0.0,0.0,1
23446,0.0,0.0,0.0,1
23456,0.0,0.0,0.0,1
23466,0.0,0.0,0.0,1
23476,0.0,0.0,0.0,1
23486,0.0,0.0,0.0,1
23496,0.0,0.0,0.0,1
23506,0.0,0.0,0.0,1
23516,0.0,0.0,0.0,1
23526,0.0,0.0,0.0,1
23536,0.0,0.0,0.0,1
23546,0.0,0.0,0.0,1
23556,0.0,0.0,0.0,1
23566,0.0,0.0,0.0,1
23576,0.0,0.0,0.0,1
23586,0.0,0.0,0.0,1
23596,0.0,0.0,0.0,1
23606,0.0,0.0,0.0,1
23616,0.0,0.0,0.0,1
23626,0.0,0.0,0.0,1
23636,0.0,0.0,0.0,1
23646,0.0,0.0,0.0,1
23656,0.0,0.0,0.0,1
23666,0.0,0.0,0.0,1
23676,0.0,0.0,0.0,1
23686,0.0,0.0,0.0,1
23696,0.0,0.0,0.0,1
23706,0.0,0.0,0.0,1
23716,0.0,0.0,0.0,1
23726,0.0,0.0,0.0,1
23736,0.0,0.0,0.0,1
23746,0.0,0.0,0.0,1
23756,0.0,0.0,0.0,1
23766,0.0,0.0,0.0,1
23776,0.0,0.0,0.0,1
23786,0.0,0.0,0.0,1
23796,0.0,0.0,0.0,1
23806,0.0,0.0,0.0,1
23816,0.0,0.0,0.0,1
23826,0.0,0.0,0.0,1
23836,0.0,0.0,0.0,1
23846,0.0,0.0,0.0,1
23856,0.0,0.0,0.0,1
23866,0.0,0.0,0.0,1
23876,0.0,0.0,0.0,1
23886,0.0,0.0,0.0,1
23896,0.0,0.0,0.0,1
23906,0.0,0.0,0.0,1
23916,0.0,0.0,0.0,1
23926,0.0,0.0,0.0,1
23936,0.0,0.0,0.0,1
23946,0.0,0.0,0.0,1
23956,0.0,0.0,0.0,1
23966,0.0,0.0,0.0,1
23976,0.0,0.0,0.0,1
23986,0.0,0.0,0.0,1
23996,0.0,0.0,0.0,1
24006,0.0,0.0,0.0,1
24016,0.0,0.0,0.0,1
24026,0.0,0.0,0.0,1
24036,0.0,0.0,0.0,1
24046,0.0,0.0,0.0,1
24056,0.0,0.0,0.0,1
24066,0.0,0.0,0.0,1
24076,0.0,0.0,0.0,1
24086,0.0,0.0,0.0,1
24096,0.0,0.0,0.0,1
24106,0.0,0.0,0.0,1
24116,0.0,0.0,0.0,1
24126,0.0,0.0,0.0,1
24136,0.0,0.0,0.0,1
24146,0.0,0.0,0.0,1
24156,0.0,0.0,0.0,1
24166,0.0,0.0,0.0,1
24176,0.0,0.0,0.0,1
24186,0.0,0.0,0.0,1
24196,0.0,0.0,0.0,1
24206,0.0,0.0,0.0,1
24216,0.0,0.0,0.0,1
24226,0.0,0.0,0.0,1
24236,0.0,0.0,0.0,1
24246,0.0,0.0,0.0,1
24256,0.0,0.0,0.0,1
24266,0.0,0.0,0.0,1
24276,0.0,0.0,0.0,1
24286,0.0,0.0,0.0,1
24296,0.0,0.0,0.0,1
24306,0.0,0.0,0.0,1
24316,0.0,0.0,0.0,1
24326,0.0,0.0,0.0,1
24336,0.0,0.0,0.0,1
24346,0.0,0.0,0.0,1
24356,0.0,0.0,0.0,1
24366,0.0,0.0,0.0,1
24376,0.0,0.0,0.0,1
24386,0.0,0.0,0.0,1
24396,0.0,0.0,0.0,1
24406,0.0,0.0,0.0,1
24416,0.0,0.0,0.0,1
24426,0.0,0.0,0.0,1
24436,0.0,0.0,0.0,1
24446,0.0,0.0,0.0,1
24456,0.0,0.0,0.0,1
24466,0.0,0.0,0.0,1
24476,0.0,0.0,0.0,1
24486,0.0,0.0,0.0,1
24496,0.0,0.0,0.0,1
24506,0.0,0.0,0.0,1
24516,0.0,0.0,0.0,1
24526,0.0,0.0,0.0,1
24536,0.0,0.0,0.0,1
24546,0.0,0.0,0.0,1
24556,0.0,0.0,0.0,1
24566,0.0,0.0,0.0,1
24576,0.0,0.0,0.0,1
24586,0.0,0.0,0.0,1
24596,0.0,0.0,0.0,1
24606,0.0,0.0,0.0,1
24616,0.0,0.0,0.0,1
24626,0.0,0.0,0.0,1
24636,0.0,0.0,0.0,1
24646,0.0,0.0,0.0,1
24656,0.0,0.0,0.0,1
24666,0.0,0.0,0.0,1
24676,0.0,0.0,0.0,1
24686,0.0,0.0,0.0,1
24696,0.0,0.0,0.0,1
24706,0.0,0.0,0.0,1
24716,0.0,0.0,0.0,1
24726,0.0,0.0,0.0,1
350,0.1813,-0.255,0.9716,1
360,0.156,-0.1547,0.6873,1
370,0.2433,-0.1599,0.8727,1
380,0.2772,-0.1369,0.926,1
390,0.2792,-0.122,0.9535,1
400,0.2726,-0.1176,0.9596,1
410,0.2438,-0.1298,0.9672,1
420,0.2111,-0.1579,0.9635,1
430,0.1838,-0.1896,0.9425,1
440,0.1738,-0.2121,0.9133,1
450,0.1689,-0.216,0.9103,1
460,0.1516,-0.2243,0.9372,1
470,0.1494,-0.2341,0.944,1
480,0.1747,-0.2445,0.9086,1
490,0.2065,-0.2485,0.8823,1
500,0.2084,-0.2465,0.9111,1
510,0.1894,-0.2504,0.9704,1
520,0.197,-0.2558,0.9821,1
530,0.2306,-0.2538,0.9413,1
540,0.2589,-0.2443,0.9135,1
550,0.2472,-0.2326,0.945,1
560,0.2277,-0.2262,0.9804,1
570,0.2209,-0.2197,0.976,1
580,0.2262,-0.217,0.9487,1
590,0.2179,-0.2201,0.923,1
600,0.2035,-0.2223,0.9064,1
610,0.1918,-0.215,0.9111,1
620,0.1667,-0.207,0.9447,1
630,0.152,-0.2023,0.9589,1
640,0.1689,-0.1882,0.9445,1
650,0.183,-0.1738,0.9406,1
660,0.1845,-0.1747,0.9455,1
670,0.1882,-0.1845,0.9404,1
680,0.2028,-0.1928,0.9172,1
690,0.2001,-0.2016,0.9218,1
700,0.1843,-0.2199,0.9477,1
710,0.1889,-0.2294,0.943,1
720,0.2031,-0.226,0.9369,1
730,0.2077,-0.2192,0.9513,1
740,0.214,-0.2167,0.9548,1
750,0.2121,-0.2157,0.9606,1
760,0.2177,-0.2265,0.934,1
770,0.2223,-0.2292,0.9062,1
780,0.2099,-0.2272,0.9089,1
790,0.1918,-0.2199,0.9318,1
800,0.1816,-0.2138,0.9421,1
810,0.1852,-0.2021,0.9396,1
820,0.1957,-0.1887,0.9352,1
830,0.197,-0.1762,0.9423,1
840,0.1977,-0.163,0.9543,1
850,0.193,-0.1579,0.9694,1
860,0.1909,-0.1621,0.9596,1
870,0.2133,-0.1711,0.9152,1
880,0.2438,-0.1672,0.8593,1
890,0.2597,-0.1647,0.8313,1
900,0.2477,-0.164,0.8481,1
910,0.2099,-0.1752,0.8898,1
920,0.1823,-0.1921,0.9257,1
930,0.1562,-0.1999,0.9504,1
940,0.1535,-0.2111,0.9367,1
950,0.1757,-0.215,0.9142,1
960,0.1581,-0.2221,0.9313,1
970,0.1718,-0.2353,0.9296,1
980,0.1786,-0.2377,0.9233,1
990,0.2397,-0.2211,0.8808,1
1000,0.2724,-0.175,0.8937,1
1010,0.2487,-0.1564,0.9755,1
1020,0.2172,-0.164,1.0375,1
1030,0.2143,-0.1816,1.0277,1
1040,0.2389,-0.1755,0.985,1
1050,0.2209,-0.1865,1.0214,1
1060,0.1743,-0.1879,1.1024,1
1070,0.1635,-0.1916,1.1232,1
1080,0.2189,-0.1843,1.0382,1
1090,0.2348,-0.1777,0.9958,1
1100,0.2328,-0.1606,0.9943,1
1110,0.2336,-0.144,0.9904,1
1120,0.2492,-0.1215,0.9504,1
1130,0.2841,-0.102,0.8798,1
1140,0.2653,-0.0832,0.8791,1
1150,0.2077,-0.094,0.9335,1
1160,0.1579,-0.1025,0.9523,1
1170,0.1635,-0.1259,0.8876,1
1180,0.2074,-0.1257,0.7561,1
1225,0.0,0.0,0.0,1
1235,0.0,0.0,0.0,1
1245,0.0,0.0,0.0,1
1255,0.0,0.0,0.0,1
1265,0.0,0.0,0.0,1
1275,0.0,0.0,0.0,1
1285,0.0,0.0,0.0,1
1295,0.0,0.0,0.0,1
1305,0.0,0.0,0.0,1
1315,0.0,0.0,0.0,1
1325,0.0,0.0,0.0,1
1335,0.0,0.0,0.0,1
1345,0.0,0.0,0.0,1
1355,0.0,0.0,0.0,1
1365,0.0,0.0,0.0,1
1375,0.0,0.0,0.0,1
1385,0.0,0.0,0.0,1
1395,0.0,0.0,0.0,1
350,0.379,-0.1425,0.9491,1
360,0.2321,-0.1008,0.697,1
370,0.2538,-0.1384,0.8781,1
380,0.2353,-0.1613,0.8701,1
390,0.2101,-0.1811,0.8208,1
400,0.1633,-0.2114,0.8164,1
410,0.1184,-0.246,0.8374,1
420,0.094,-0.2807,0.8552,1
430,0.1132,-0.3185,0.8442,1
440,0.2101,-0.3378,0.7576,1
450,0.3305,-0.3239,0.6736,1
460,0.3527,-0.3197,0.7217,1
470,0.2999,-0.3436,0.8571,1
480,0.2653,-0.3578,0.9601,1
490,0.2831,-0.3541,0.9997,1
500,0.3329,-0.3458,0.9962,1
510,0.3734,-0.3297,0.997,1
520,0.3793,-0.3185,1.0199,1
530,0.3524,-0.3148,1.0546,1
540,0.32,-0.3285,1.0577,1
550,0.3024,-0.3327,1.0165,1
560,0.2953,-0.3351,0.9565,1
570,0.2751,-0.3175,0.9177,1
580,0.2262,-0.3104,0.9199,1
590,0.1874,-0.3073,0.923,1
600,0.1806,-0.3004,0.8884,1
610,0.1992,-0.2931,0.8344,1
620,0.2243,-0.2836,0.7768,1
630,0.2089,-0.2763,0.7795,1
640,0.1486,-0.2892,0.853,1
650,0.1181,-0.2943,0.9033,1
660,0.1572,-0.2877,0.8952,1
670,0.2065,-0.2763,0.874,1
680,0.2482,-0.2699,0.8662,1
690,0.2765,-0.2692,0.8832,1
700,0.287,-0.258,0.9372,1
710,0.308,-0.2428,0.976,1
720,0.3261,-0.2277,0.9972,1
730,0.3153,-0.2343,1.0214,1
740,0.3087,-0.2499,1.0194,1
750,0.3112,-0.2638,0.9762,1
760,0.3217,-0.2716,0.912,1
770,0.2848,-0.2829,0.8962,1
780,0.2162,-0.3078,0.9213,1
790,0.1801,-0.3263,0.9086,1
800,0.195,-0.3307,0.8544,1
810,0.2228,-0.3251,0.7942,1
820,0.2109,-0.33,0.7971,1
830,0.1694,-0.3439,0.8418,1
840,0.1581,-0.3505,0.8623,1
850,0.1745,-0.3512,0.8679,1
860,0.2162,-0.3451,0.8469,1
870,0.2565,-0.3278,0.8259,1
880,0.2587,-0.3153,0.8513,1
890,0.2375,-0.3129,0.9008,1
900,0.2189,-0.3209,0.9504,1
910,0.2301,-0.3263,0.965,1
920,3.0783,-2.4723,3.861,1
930,-0.5298,-0.9804,6.9847,1
940,-3.5676,0.2599,6.961,1
950,-3.1986,0.3405,3.9945,1
960,-1.6745,0.4115,0.8889,1
970,-0.9269,0.7463,-0.7273,1
980,-0.4078,0.3929,-1.4607,1
990,-0.2685,0.3131,-1.7196,1
1000,-0.4461,0.4474,-1.4021,1
1010,-0.8483,0.5123,-0.6465,1
1020,-0.8471,0.3934,-0.2445,1
1030,-0.462,0.4147,-0.2148,1
1040,-0.0632,0.4022,-0.2179,1
1050,0.1674,0.1643,-0.1103,1
1060,0.3932,0.0395,-0.0649,1
1070,0.2155,0.2126,0.6455,1
1080,-0.2123,0.009,1.8299,1
1090,-0.3934,-0.2187,2.4794,1
1100,0.019,-0.2853,2.4559,1
1110,0.6841,-0.3009,2.146,1
1120,1.2432,-0.3305,1.8836,1
1130,1.4848,-0.4134,1.8873,1
1140,1.4988,-0.4879,1.9903,1
1150,1.4158,-0.5491,1.9866,1
1160,1.2632,-0.6482,1.8248,1
1170,1.0082,-0.738,1.6,1
1180,0.646,-0.8078,1.4189,1
1190,0.2487,-0.831,1.3113,1
1200,-0.0713,-0.7815,1.2064,1
1210,-0.217,-0.6882,1.0058,1
1220,-0.2423,-0.556,0.7639,1
1230,-0.2399,-0.4115,0.5948,1
1240,-0.2397,-0.269,0.5384,1
1250,-0.1999,-0.1291,0.5328,1
1260,-0.122,0.0012,0.5623,1
1270,-0.0308,0.1086,0.6563,1
1280,0.1198,0.1869,0.7331,1
1290,0.2987,0.235,0.7551,1
1300,0.4671,0.2341,0.7595,1
1310,0.6033,0.2355,0.7744,1
1320,0.6643,0.2282,0.8825,1
1330,0.6158,0.1511,1.0438,1
1340,0.5604,0.0151,1.1322,1
1350,0.5518,-0.1284,1.0724,1
1360,0.5189,-0.2758,1.008,1
1370,0.4271,-0.4232,1.0087,1
1380,0.3268,-0.5357,1.0316,1
1390,0.2746,-0.6148,1.016,1
1400,0.2709,-0.6529,0.9587,1
1410,0.2936,-0.6514,0.9028,1
1420,0.3053,-0.6253,0.8998,1
1430,0.3112,-0.5777,0.9216,1
1440,0.3466,-0.5098,0.9086,1
1450,0.3934,-0.4254,0.8835,1
1460,0.3961,-0.3395,0.9111,1
1470,0.3746,-0.2626,0.9567,1
1480,0.358,-0.1984,0.9792,1
1490,0.3641,-0.1369,0.9494,1
1500,0.3802,-0.0869,0.8945,1
1510,0.3771,-0.0539,0.8593,1
1520,0.3488,-0.0415,0.8449,1
1530,0.3209,-0.0544,0.8139,1
1540,0.2951,-0.0761,0.7866,1
1550,0.265,-0.115,0.771,1
1560,0.238,-0.165,0.77,1
1570,0.2243,-0.2114,0.7829,1
1580,0.2272,-0.2589,0.8047,1
1590,0.2433,-0.2982,0.8361,1
1600,0.2855,-0.3258,0.8618,1
1610,0.3409,-0.3146,0.8947,1
1620,0.3834,-0.3058,0.9501,1
1630,0.4237,-0.2963,0.9748,1
1640,0.4671,-0.2863,0.9652,1
1650,0.4893,-0.279,0.9413,1
1660,0.4759,-0.2812,0.9211,1
1670,0.4151,-0.2816,0.9321,1
1680,0.3685,-0.2992,0.9008,1
1690,0.3273,-0.3073,0.8396,1
1700,0.3087,-0.3014,0.7778,1
1710,0.2279,-0.2646,0.8513,1
1720,0.1245,-0.2387,1.0089,1
1730,0.1147,-0.2031,1.0534,1
1740,0.2243,-0.165,0.9389,1
1750,0.3453,-0.134,0.7917,1
1760,0.3971,-0.1272,0.7358,1
1770,0.35,-0.1425,0.8149,1
1780,0.2638,-0.1796,0.943,1
1790,0.2372,-0.2228,0.9799,1
1800,0.2812,-0.2428,0.9059,1
1810,0.3285,-0.2492,0.8464,1
1820,0.3424,-0.2502,0.8452,1
1830,0.3456,-0.2487,0.8676,1
1840,0.3553,-0.2404,0.8605,1
1850,0.3805,-0.238,0.8042,1
1860,0.3837,-0.2448,0.7449,1
1870,0.3153,-0.2509,0.7893,1
1880,0.1655,-0.2738,0.9694,1
1890,0.0591,-0.3114,1.1022,1
1900,0.0869,-0.3202,1.0592,1
1910,0.184,-0.3031,0.9345,1
1920,0.2672,-0.2758,0.8527,1
1930,0.3046,-0.2362,0.8466,1
1940,0.2895,-0.1952,0.9284,1
1950,0.2607,-0.1635,1.0077,1
1960,0.2411,-0.1464,1.0541,1
1970,0.2175,-0.1457,1.0787,1
1980,0.2089,-0.1608,1.0621,1
1990,0.2299,-0.1728,1.0175,1
2000,0.2375,-0.1613,1.0167,1
2010,0.2441,-0.155,1.0277,1
2020,0.2768,-0.143,0.986,1
2030,0.2753,-0.1403,0.977,1
2040,0.2223,-0.1686,1.0194,1
2050,0.1906,-0.2023,1.0448,1
2060,2.146,0.5096,1.4416,1
2070,0.0942,-1.467,3.6721,1
2080,-4.7013,0.6846,6.8863,1
2090,-3.9017,0.2702,4.866,1
2100,-1.9615,0.5006,0.9882,1
2110,-0.4674,0.4176,-1.1944,1
2120,0.2726,0.2392,-2.0301,1
2130,0.1376,0.2731,-1.7294,1
2140,-0.6597,0.2602,-0.4193,1
2150,-0.9667,0.2309,0.2916,1
2160,-0.6263,0.245,0.1555,1
2170,-0.1386,0.2465,-0.0757,1
2180,0.1335,0.1684,-0.0918,1
2190,0.3392,0.0549,-0.0813,1
2200,0.0761,0.2445,0.7768,1
2210,-0.3849,0.1247,1.9432,1
2220,-0.3244,-0.1757,2.3044,1
2230,0.125,-0.1669,2.0947,1
2240,0.678,-0.2197,1.8448,1
2250,1.0133,-0.2907,1.7548,1
2260,1.1141,-0.4039,1.8353,1
2270,1.1036,-0.4906,1.9127,1
2280,1.0604,-0.5547,1.8495,1
2290,0.977,-0.6277,1.6667,1
2300,0.7676,-0.6804,1.4929,1
2310,0.4374,-0.7156,1.3945,1
2320,0.0996,-0.7307,1.2935,1
2330,-0.1462,-0.6773,1.151,1
2340,-0.2697,-0.5777,0.9836,1
2350,-0.2987,-0.4469,0.7922,1
2360,-0.2941,-0.3173,0.6433,1
2370,-0.2916,-0.1938,0.5572,1
2380,-0.3034,-0.093,0.5735,1
2390,-0.3256,0.0015,0.7222,1
2400,-0.2423,0.1013,0.822,1
2410,-0.0505,0.1745,0.8242,1
2420,0.1528,0.2348,0.813,1
2430,0.3119,0.2389,0.8378,1
2440,0.4095,0.2192,0.9103,1
2450,0.4408,0.176,1.0211,1
2460,0.4203,0.0837,1.1232,1
2470,0.39,-0.039,1.1695,1
2480,0.3468,-0.1745,1.1666,1
2490,0.3024,-0.3092,1.119,1
2500,0.2582,-0.4215,1.0616,1
2510,0.2065,-0.4954,1.0253,1
2520,0.1535,-0.5484,1.0038,1
2530,0.1093,-0.5774,0.9914,1
2540,0.0774,-0.584,0.987,1
2550,0.0786,-0.5577,0.9674,1
2560,0.1064,-0.5035,0.9491,1
2570,0.1303,-0.4225,0.9674,1
2580,0.1613,-0.3351,0.9855,1
2590,0.2031,-0.246,0.9862,1
2600,0.2287,-0.1638,0.9916,1
2610,0.2541,-0.1032,0.9709,1
2620,0.2675,-0.0556,0.9301,1
2630,0.2458,-0.029,0.9094,1
2640,0.196,-0.0364,0.9098,1
2650,0.1398,-0.0647,0.8972,1
2660,0.1025,-0.1067,0.8576,1
2670,0.0923,-0.1489,0.8015,1
2680,0.0874,-0.1852,0.7822,1
2690,0.062,-0.2226,0.8227,1
2700,0.05,-0.2633,0.8818,1
2710,0.0671,-0.2926,0.9272,1
2720,0.1106,-0.3146,0.9526,1
2730,0.1743,-0.3231,0.9562,1
2740,0.2323,-0.3246,0.9704,1
2750,0.2707,-0.3246,0.9875,1
2760,0.2941,-0.3141,1.0001,1
2770,0.2982,-0.3031,1.0197,1
2780,0.2821,-0.2836,1.0438,1
2790,0.2653,-0.2643,1.0455,1
2800,0.2487,-0.2428,1.0121,1
2810,0.2258,-0.2267,0.9779,1
2820,0.1911,-0.2131,0.9474,1
2830,0.154,-0.2013,0.9281,1
2840,0.1147,-0.1867,0.9142,1
2850,0.0898,-0.1767,0.8994,1
2860,0.0866,-0.1694,0.872,1
2870,0.0852,-0.1684,0.8549,1
2880,0.0771,-0.1828,0.8615,1
2890,0.0852,-0.2084,0.8588,1
2900,0.1174,-0.2282,0.8342,1
2910,0.1472,-0.2445,0.8359,1
2920,0.1572,-0.2543,0.8898,1
2930,0.164,-0.2611,0.9618,1
2940,0.1923,-0.2602,0.987,1
2950,0.2472,-0.2565,0.9618,1
2960,0.2831,-0.2416,0.9477,1
2970,0.2638,-0.2416,0.9799,1
2980,0.2258,-0.2448,1.016,1
2990,0.2016,-0.2509,1.0087,1
3000,0.1769,-0.2502,0.9836,1
3010,0.1484,-0.2546,0.964,1
3020,0.1313,-0.2526,0.9367,1
3030,0.1232,-0.2487,0.9037,1
3040,0.114,-0.2358,0.8867,1
3050,0.0981,-0.2214,0.8898,1
3060,0.092,-0.2118,0.892,1
3070,0.0942,-0.2033,0.8937,1
3080,0.1091,-0.1977,0.894,1
3090,0.1167,-0.193,0.9086,1
3100,0.1247,-0.1923,0.9321,1
3110,0.1442,-0.1889,0.9521,1
3120,0.1647,-0.1833,0.9701,1
3130,0.1613,-0.1718,1.0221,1
3140,0.1516,-0.1669,1.079,1
3150,0.155,-0.1674,1.1053,1
3160,0.1691,-0.1857,1.0839,1
3170,3.356,-3.1452,6.8063,1
3180,-4.5692,0.2228,7.997,1
3190,-5.5699,0.6704,7.997,1
3200,-3.4097,0.8947,3.4195,1
3210,-1.8534,0.9074,0.4718,1
3220,-1.1476,0.6319,-0.7773,1
3230,-1.0072,0.6668,-1.2798,1
3240,-1.0785,0.6609,-1.2569,1
3250,-1.1551,0.8161,-1.1368,1
3260,-1.1185,0.955,-1.0638,1
3270,-0.8152,0.9384,-1.0009,1
3280,-0.5298,1.1056,-0.7832,1
3290,-0.2516,1.0621,-0.4654,1
3300,-0.05,0.8557,-0.2053,1
3310,-0.0693,0.615,0.3573,1
3320,0.0908,0.3766,0.7488,1
3330,0.4266,0.3597,0.8486,1
3340,0.4576,0.2707,1.253,1
3350,0.0849,-0.1706,1.7804,1
3360,-0.0164,-0.3851,2.1253,1
3370,0.0542,-0.4378,2.3598,1
3380,0.2245,-0.546,2.3971,1
3390,0.5916,-0.5801,2.2038,1
3400,0.8483,-0.5787,2.1087,1
3410,0.9692,-0.6731,2.0235,1
3420,0.9318,-0.7732,1.962,1
3430,1.0375,-0.7822,1.775,1
3440,0.8303,-0.7353,1.7633,1
3450,0.6123,-0.8215,1.7106,1
3460,0.484,-0.8378,1.3992,1
3470,0.3231,-0.7864,1.1495,1
3480,0.0742,-0.7068,1.0529,1
3490,-0.1542,-0.6316,1.0109,1
3500,-0.2812,-0.5115,0.9291,1
3510,-0.2763,-0.3566,0.7873,1
3520,-0.2101,-0.1974,0.6775,1
3530,-0.1574,-0.0349,0.6899,1
3540,-0.1049,0.1027,0.7485,1
3550,-0.0278,0.176,0.7829,1
3560,0.0847,0.2548,0.7678,1
3570,0.2118,0.2707,0.7412,1
3580,0.3007,0.2943,0.7634,1
3590,0.3041,0.2855,0.8818,1
3600,0.2826,0.2092,1.0141,1
3610,0.2973,0.1342,1.0739,1
3620,0.3295,0.0369,1.0841,1
3630,0.3483,-0.0859,1.0853,1
3640,0.3348,-0.2155,1.0924,1
3650,0.2912,-0.3451,1.1102,1
3660,0.2746,-0.4559,1.0809,1
3670,0.2604,-0.5301,1.0385,1
3680,0.224,-0.5787,1.0446,1
3690,0.1801,-0.6079,1.0656,1
3700,0.1591,-0.6165,1.0553,1
3710,0.1664,-0.6033,1.0075,1
3720,0.185,-0.5655,0.9611,1
3730,0.1945,-0.5054,0.9457,1
3740,0.2116,-0.4178,0.9255,1
3750,0.2348,-0.3114,0.9037,1
3760,0.2362,-0.2084,0.9152,1
3770,0.2243,-0.122,0.9203,1
3780,0.2197,-0.0598,0.895,1
3790,0.2033,-0.0103,0.8803,1
3800,0.1662,0.0144,0.8913,1
3810,0.134,0.0105,0.8854,1
3820,0.1311,-0.0061,0.8364,1
3830,0.1489,-0.0283,0.7749,1
3840,0.1564,-0.0527,0.7561,1
3850,0.1452,-0.0796,0.7883,1
3860,0.1252,-0.1179,0.8449,1
3870,0.1215,-0.1669,0.8896,1
3880,0.1359,-0.2221,0.9084,1
3890,0.1655,-0.277,0.9086,1
3900,0.2065,-0.3202,0.8879,1
3910,0.2387,-0.3405,0.8869,1
3920,0.2433,-0.3529,0.9208,1
3930,0.2563,-0.3446,0.9369,1
3940,0.2633,-0.3153,0.954,1
3950,0.2167,-0.2782,1.0394,1
3960,0.1428,-0.2558,1.1471,1
3970,0.1252,-0.2455,1.138,1
3980,0.1713,-0.2201,1.0214,1
3990,0.2079,-0.1879,0.8969,1
4000,0.2116,-0.163,0.8347,1
4010,0.1657,-0.1359,0.8449,1
4020,0.1357,-0.0903,0.8469,1
4030,0.0815,-0.0337,0.9091,1
4040,-0.0098,-0.0051,1.0516,1
4050,-0.0552,0.0073,1.1261,1
4060,0.0063,0.0012,1.0358,1
4070,0.0984,0.0022,0.9155,1
4080,0.1235,-0.0195,0.894,1
4090,0.1232,-0.0488,0.9264,1
4100,0.1374,-0.0708,0.9279,1
4110,0.1887,-0.0766,0.8649,1
4120,0.1718,-0.0881,0.8969,1
4130,0.0544,-0.1203,1.0914,1
4140,-0.0256,-0.1618,1.2518,1
4150,-0.0046,-0.1935,1.2567,1
4160,0.1093,-0.2016,1.1041,1
4170,0.2045,-0.1994,0.9818,1
4180,0.2116,-0.1899,0.997,1
4190,0.1691,-0.1686,1.0968,1
4200,0.1491,-0.1481,1.1344,1
4210,0.1572,-0.115,1.0997,1
4220,0.1274,-0.0898,1.1009,1
4230,0.0681,-0.0813,1.1232,1
4240,0.0503,-0.0779,1.0814,1
4250,0.0569,-0.0698,1.0055,1
4260,0.0622,-0.0617,0.9504,1
4270,0.0683,-0.0483,0.8925,1
4280,0.0783,-0.0796,0.7097,1
4290,-0.0893,-0.1032,0.9811,1
4300,-0.0625,-0.0454,0.821,1
4310,0.0063,-0.1862,0.5035,1
4320,-0.1396,-0.2009,0.6079,1
4330,-0.2406,-0.2343,0.7224,1
4340,-0.2482,-0.2487,0.8713,1
4350,-0.1686,-0.1874,1.0465,1
4360,-0.0139,-0.123,1.1971,1
4370,0.1606,-0.083,1.3008,1
4380,0.421,-0.0571,1.0653,1
4390,0.4525,0.07,0.9689,1
4400,0.3856,-0.0215,0.9677,1
4410,0.155,-0.0749,1.0868,1
4420,0.0383,-0.1054,1.1466,1
4430,0.0693,-0.0627,0.9294,1
4440,-0.0237,-0.103,0.9159,1
4450,-0.5823,0.0639,1.3804,1
4460,-0.1374,-0.6519,0.997,1
4470,0.224,-0.1098,0.1242,1
4480,-0.3109,-0.3319,0.9648,1
4490,-0.4046,-0.4864,1.2069,1
4500,-0.1189,-0.269,0.8625,1
4510,-0.0993,-0.1794,1.0868,1
4520,0.0173,-0.2284,1.128,1
4530,0.135,-0.1232,1.0917,1
4540,0.1772,-0.0739,1.1192,1
4550,0.1772,-0.2326,1.0604,1
4560,0.257,-0.2646,0.7866,1
4570,0.0842,-0.1894,0.8903,1
4580,-0.0803,-0.2751,1.0309,1
4590,-0.1384,-0.2194,0.9562,1
4600,-0.1909,-0.1799,0.9147,1
4610,-0.2411,-0.2084,0.8781,1
4620,-0.3627,-0.195,0.9706,1
4630,-0.2297,-0.4483,0.7873,1
4640,-0.2619,-0.2575,0.9474,1
4650,-0.031,-0.2809,0.861,1
4660,0.1433,-0.1545,0.8498,1
4670,0.2243,-0.1003,0.9555,1
4680,0.2301,-0.1413,1.11,1
4690,0.2011,-0.1557,1.1642,1
4700,0.1215,-0.2238,1.1517,1
4710,0.0227,-0.3261,1.0612,1
4720,-0.0369,-0.4029,0.8845,1
4730,-0.0908,-0.4315,0.8183,1
4740,-0.1184,-0.4552,0.7846,1
4750,-0.1718,-0.4342,0.8928,1
4760,-0.1994,-0.4566,0.9789,1
4770,-0.2201,-0.462,1.0411,1
4780,-0.1894,-0.4845,0.9665,1
4790,-0.112,-0.484,0.8234,1
4800,-0.0881,-0.4381,0.7927,1
4810,-0.0322,-0.4295,0.646,1
4820,-0.1198,-0.371,0.7302,1
4830,-0.2355,-0.3446,0.9101,1
4840,-0.257,-0.2904,1.0429,1
4850,-0.205,-0.2216,1.138,1
4860,-0.0127,-0.1891,0.9918,1
4870,0.1677,-0.1445,0.8447,1
4880,0.152,-0.1708,0.9279,1
4890,0.1662,-0.2277,0.9169,1
4900,0.1128,-0.2445,0.9799,1
4910,0.0181,-0.2362,1.1136,1
4920,0.0027,-0.3095,1.0717,1
4930,0.0268,-0.3312,0.864,1
4940,-0.0222,-0.3871,0.7885,1
4950,-0.0359,-0.4476,0.6963,1
4960,-0.1396,-0.4378,0.8269,1
4970,-0.1235,-0.4454,0.8742,1
4980,-0.0957,-0.4032,0.9506,1
4990,-0.0444,-0.3807,0.9535,1
5000,-0.0127,-0.3497,0.966,1
5010,-0.0185,-0.3488,0.998,1
5020,-0.0398,-0.3856,0.8935,1
5030,-0.0837,-0.4256,0.8759,1
5040,-0.1796,-0.433,1.0038,1
5050,-0.268,-0.4752,1.1349,1
5060,-0.2375,-0.5184,1.0121,1
5070,-0.2362,-0.565,0.914,1
5080,-0.3173,-0.5948,0.9428,1
5090,-0.2594,-0.6582,0.7053,1
5100,-0.1494,-0.5879,0.5059,1
5110,-0.3192,-0.5399,0.8093,1
5120,-0.2358,-0.5938,0.8095,1
5130,-0.1311,-0.4552,0.9033,1
5140,0.0146,-0.4066,0.975,1
5150,0.0988,-0.3514,1.0436,1
5160,0.1179,-0.3307,1.058,1
5170,0.0156,-0.4237,1.0319,1
5180,-0.1664,-0.5367,1.0353,1
5190,-0.2443,-0.5359,1.0773,1
5200,-0.1162,-0.4456,0.9618,1
5210,0.0561,-0.307,0.7781,1
5220,0.1267,-0.2272,0.6934,1
5230,0.0234,-0.2018,0.8059,1
5240,0.0088,-0.175,0.7158,1
5250,0.0002,-0.1752,0.5848,1
5260,-0.0588,-0.2099,0.5845,1
5270,-0.1213,-0.2887,0.7022,1
5280,-0.1618,-0.3502,0.8891,1
5290,-0.0503,-0.432,0.8708,1
5300,0.0478,-0.4935,0.8415,1
5310,0.0786,-0.5906,0.8576,1
5320,0.092,-0.7092,0.9723,1
5330,0.1667,-0.7763,0.8808,1
5340,0.1682,-0.7734,0.8205,1
5350,0.0722,-0.761,0.769,1
5360,-0.1103,-0.6985,0.8413,1
5370,-0.1984,-0.6006,1.0067,1
5380,-0.0974,-0.4288,0.9059,1
5390,-0.0883,-0.3346,0.8923,1
5400,-0.1355,-0.3497,0.946,1
5410,-0.1118,-0.3019,0.8537,1
5420,-0.0927,-0.3187,0.7366,1
5430,-0.0776,-0.3971,0.6599,1
5440,-0.0957,-0.4264,0.6775,1
5450,-0.1381,-0.4893,0.7744,1
5460,-0.1286,-0.5194,0.8339,1
5470,-0.0681,-0.4974,0.8195,1
5480,-0.0495,-0.4864,0.9972,1
5490,0.0791,-0.4793,1.0641,1
5500,0.2621,-0.3983,0.9792,1
5510,0.3136,-0.3807,0.892,1
5520,0.2116,-0.419,0.9045,1
5530,0.0454,-0.419,0.895,1
5540,-0.1174,-0.4117,0.8732,1
5550,-0.2292,-0.4056,0.8237,1
5560,-0.2716,-0.3905,0.7895,1
5570,-0.2062,-0.361,0.6931,1
5580,-0.0442,-0.2087,0.7512,1
5590,-0.021,-0.125,0.8364,1
5600,-0.1491,-0.1889,0.9218,1
5610,-0.1254,-0.2672,0.9335,1
5620,-0.1152,-0.1355,1.1742,1
5630,-0.0046,-0.195,1.0656,1
5640,-0.043,-0.4027,0.9674,1
5650,-0.1437,-0.6275,0.8998,1
5660,-0.0725,-0.6995,0.6865,1
5670,-0.1181,-0.5572,1.0992,1
5680,-0.1225,-0.655,0.9264,1
5690,-0.1989,-0.6917,0.8442,1
5700,-0.2353,-0.6777,0.7727,1
5710,-0.2809,-0.5801,0.7502,1
5720,-0.3129,-0.4847,0.7612,1
5730,-0.2599,-0.3732,0.7012,1
5740,-0.1294,-0.2646,0.3553,1
5750,-0.4483,-0.1616,1.1659,1
5760,-0.4042,-0.2094,1.4194,1
5770,0.0278,-0.1076,0.9699,1
5780,0.1633,-0.0971,1.2391,1
5790,0.2631,-0.3539,1.3955,1
5800,0.5006,-0.419,1.2562,1
5810,0.5552,-0.4064,1.3069,1
5820,0.483,-0.4425,1.3135,1
5830,0.3449,-0.4737,1.2657,1
5840,0.165,-0.3841,1.0072,1
5850,-0.0864,-0.4727,0.9433,1
5860,-0.3456,-0.4532,1.0353,1
5870,-0.4774,-0.4217,0.8535,1
5880,-0.4796,-0.4125,0.7244,1
5890,-0.4356,-0.3424,0.6153,1
5900,-0.4349,-0.308,0.6033,1
5910,-0.5072,-0.2892,0.7334,1
5920,-0.5774,-0.277,0.9145,1
5930,-0.564,-0.2206,1.1966,1
5940,-0.268,-0.1418,1.2154,1
5950,0.0793,-0.0273,1.0785,1
5960,0.2858,0.0066,1.0524,1
5970,0.3409,0.0039,1.1554,1
5980,0.3146,-0.0176,1.2659,1
5990,0.2946,-0.06,1.253,1
6000,0.2299,-0.1411,1.1876,1
6010,0.0781,-0.2482,1.1854,1
6020,-0.1113,-0.358,1.1951,1
6030,-0.1772,-0.4583,1.0585,1
6040,-0.1245,-0.4898,0.8366,1
6050,-0.0483,-0.4881,0.6643,1
6060,0.0674,-0.4971,0.4747,1
6070,0.183,-0.4857,0.2997,1
6080,0.2402,-0.4764,0.2284,1
6090,0.2253,-0.4932,0.2619,1
6100,0.1594,-0.4998,0.3971,1
6110,0.0595,-0.5098,0.5977,1
6120,0.0037,-0.512,0.8296,1
6130,0.06,-0.4417,1.0438,1
6140,0.3268,-0.3305,1.0426,1
6150,0.6087,-0.2333,0.975,1
6160,0.7803,-0.2084,0.9455,1
6170,0.8076,-0.2716,0.977,1
6180,0.686,-0.4178,1.0612,1
6190,0.6878,-0.616,0.8796,1
6200,0.6834,-0.7998,0.7195,1
6210,0.6316,-0.9489,0.7158,1
6220,0.6443,-1.0455,0.7126,1
6230,0.645,-1.121,0.7239,1
6240,0.6275,-1.1995,0.7693,1
6250,0.5901,-1.2354,0.8418,1
6260,0.5235,-1.2772,0.9238,1
6270,0.4142,-1.2879,1.0206,1
6280,0.3632,-1.3294,0.998,1
6290,0.3746,-1.2898,0.8278,1
6300,0.299,-1.2169,0.7429,1
6310,0.0259,-1.0685,0.914,1
6320,-0.3632,-0.8886,1.2325,1
6330,-0.7756,-0.6909,1.5815,1
6340,-1.0492,-0.4105,1.8541,1
6350,-1.1832,-0.0329,2.3127,1
6360,-0.935,0.2592,2.2868,1
6370,-0.6748,0.5818,2.1914,1
6380,-0.4464,0.7346,2.0027,1
6390,-0.2336,0.6685,1.6916,1
6400,0.0586,0.6824,1.1856,1
6410,0.3275,0.7932,0.789,1
6420,0.3119,0.8017,0.7436,1
6430,0.2165,0.7576,0.7973,1
6440,0.2114,0.751,0.7144,1
6450,0.2299,0.7185,0.5879,1
6460,0.1899,0.6292,0.5145,1
6470,0.103,0.4693,0.464,1
6480,0.0144,0.3551,0.501,1
6490,-0.306,0.2682,0.9303,1
6500,-0.6214,-0.1328,1.2784,1
6510,-0.5772,-0.4244,1.2049,1
6520,-0.2834,-0.6133,1.0219,1
6530,0.0159,-0.7785,0.9235,1
6540,0.156,-0.923,1.038,1
6550,0.1816,-1.0499,1.2635,1
6560,0.2211,-1.1102,1.4768,1
6570,0.3112,-1.1249,1.665,1
6580,0.4212,-1.1246,1.8224,1
6590,0.5645,-1.1153,1.8707,1
6600,0.8086,-1.1005,1.7016,1
6610,1.0189,-1.0663,1.4787,1
6620,1.1297,-1.0204,1.2772,1
6630,1.1236,-0.9709,1.14,1
6640,1.0797,-0.8935,0.9582,1
6650,1.015,-0.7932,0.7402,1
6660,0.7534,-0.6646,0.7339,1
6670,0.4325,-0.6097,0.7834,1
6680,0.2306,-0.4898,0.7222,1
6690,0.0883,-0.3021,0.6751,1
6700,-0.0708,-0.0815,0.7929,1
6710,-0.3478,0.1203,1.1366,1
6720,-0.6304,0.1794,1.4233,1
6730,-0.6675,0.1657,1.2364,1
6740,-0.5574,0.1486,0.8464,1
6750,-0.5667,0.112,0.7139,1
6760,-0.7305,0.043,0.8571,1
6770,-0.9609,-0.0974,1.1329,1
6780,-1.0909,-0.2807,1.3301,1
6790,-1.037,-0.4637,1.3594,1
6800,-0.8679,-0.6731,1.2388,1
6810,-0.6777,-0.8972,1.1244,1
6820,-0.4727,-1.0968,1.0082,1
6830,-0.2065,-1.2532,0.8681,1
6840,0.062,-1.2967,0.8076,1
6850,0.1762,-1.2608,0.977,1
6860,0.2272,-1.2264,1.1366,1
6870,0.2572,-1.1385,1.2508,1
6880,0.289,-0.9782,1.3086,1
6890,0.2848,-0.8132,1.4502,1
6900,0.247,-0.5308,1.6789,1
6910,0.3588,-0.2956,1.6469,1
6920,0.4869,-0.0866,1.4033,1
6930,0.5186,0.1569,1.2745,1
6940,0.4078,0.3297,1.304,1
6950,0.2226,0.4122,1.3616,1
6960,0.1308,0.4803,1.2413,1
6970,0.1413,0.4547,0.9172,1
6980,0.1852,0.4005,0.6116,1
6990,0.1669,0.4215,0.5086,1
7000,0.0974,0.4474,0.5848,1
7010,0.039,0.4691,0.7166,1
7020,0.0339,0.4705,0.8003,1
7030,0.0974,0.4447,0.7976,1
7040,0.1887,0.3973,0.7627,1
7050,0.2306,0.3431,0.8698,1
7060,0.0632,0.1716,1.11,1
7070,0.0051,-0.0871,1.2249,1
7080,0.012,-0.2977,1.2423,1
7090,0.0871,-0.5064,1.2318,1
7100,0.2021,-0.6443,1.202,1
7110,0.3395,-0.7217,1.171,1
7120,0.4056,-0.7668,1.1973,1
7130,0.3588,-0.8037,1.3306,1
7140,0.2831,-0.8459,1.4338,1
7150,0.3014,-0.8483,1.3531,1
7160,0.3156,-0.8117,1.2178,1
7170,0.2787,-0.7732,1.1053,1
7180,0.2262,-0.709,1.0075,1
7190,0.1891,-0.5945,0.8974,1
7200,0.1735,-0.4483,0.8069,1
7210,0.1196,-0.2968,0.8073,1
7220,0.0483,-0.1533,0.8747,1
7230,0.0295,-0.0478,0.8647,1
7240,0.073,0.0339,0.7761,1
7250,0.1298,0.1088,0.6895,1
7260,0.1647,0.1591,0.678,1
7270,0.1965,0.1913,0.6985,1
7280,0.2231,0.2111,0.7195,1
7290,0.2472,0.2048,0.7449,1
7300,0.2377,0.1608,0.7944,1
7310,0.1843,0.0686,0.8776,1
7320,0.1682,-0.0605,0.8583,1
7330,0.1909,-0.1884,0.8069,1
7340,0.1728,-0.3029,0.8547,1
7350,0.0984,-0.4288,0.986,1
7360,0.1279,-0.5301,1.0307,1
7370,0.3197,-0.513,0.9157,1
7380,0.5416,-0.4164,0.8657,1
7390,0.7046,-0.2619,0.9355,1
7400,0.8918,-0.0586,0.9652,1
7410,0.9904,0.1557,1.0529,1
7420,0.8527,0.39,1.5527,1
7430,0.7768,0.9162,2.1096,1
7440,0.5862,1.6601,3.1815,1
7450,0.2821,1.8866,4.2715,1
7460,0.3444,2.1055,4.3896,1
7470,0.8408,2.1941,3.3358,1
7480,1.2074,2.2734,1.9473,1
7490,1.1739,2.1311,1.08,1
7500,0.7532,1.9329,0.6878,1
7510,0.1467,1.7199,0.6765,1
7520,-0.545,1.4131,0.8454,1
7530,-1.202,0.9396,1.7714,1
7540,-3.0978,0.4906,3.9388,1
7550,-5.8662,0.5691,7.997,1
7560,-7.4821,0.0229,7.997,1
7570,-5.091,-0.4852,7.997,1
7580,-3.5693,-0.9628,7.0579,1
7590,-2.8935,-1.4949,6.8846,1
7600,-1.849,-1.5493,6.1637,1
7610,3.4795,-7.7535,7.997,1
7620,2.7007,-6.0473,6.5878,1
7630,1.159,-2.7505,2.6214,1
7640,0.9591,-2.7176,1.0053,1
7650,-0.4156,-1.3643,1.5581,1
7660,-1.251,-0.9613,2.1438,1
7670,-1.3079,-0.769,2.0823,1
7680,-1.5027,-0.3666,2.5394,1
7690,-1.5856,0.0159,2.7984,1
7700,-1.6327,0.2758,2.794,1
7710,-1.9825,0.7834,3.4463,1
7720,-1.9547,1.0987,3.8517,1
7730,-1.5686,1.1861,3.6233,1
7740,-1.0914,1.446,3.0329,1
7750,-0.3114,1.6227,2.4093,1
7760,0.2663,1.8434,1.8341,1
7770,0.6421,1.901,1.4097,1
7780,0.9518,1.8402,1.0153,1
7790,1.1402,1.6901,0.7251,1
7800,1.0089,1.4165,0.7061,1
7810,0.6768,1.0031,0.8452,1
7820,0.4898,0.5862,0.7956,1
7830,0.1843,0.4984,1.1131,1
7840,-0.3856,-0.0378,1.7228,1
7850,-0.615,-0.4076,1.8634,1
7860,-0.4627,-0.5596,1.6806,1
7870,-0.2899,-0.8347,1.5385,1
7880,-0.0935,-0.9587,1.4504,1
7890,0.0608,-1.0399,1.4587,1
7900,0.1359,-1.2188,1.4695,1
7910,0.2043,-1.2383,1.4458,1
7920,0.3146,-1.2803,1.3347,1
7930,0.4276,-1.2791,1.1671,1
7940,0.4403,-1.1851,1.0858,1
7950,0.338,-1.0494,1.1039,1
7960,0.1767,-0.8801,1.1563,1
7970,0.0149,-0.7,1.211,1
7980,-0.1006,-0.4698,1.2903,1
7990,-0.0703,-0.2516,1.2442,1
8000,0.0207,-0.0549,1.1373,1
8010,0.0732,0.1206,1.069,1
8020,0.0879,0.2604,1.077,1
8030,0.1335,0.3541,1.0275,1
8040,0.2211,0.4203,0.8957,1
8050,0.2895,0.4327,0.7649,1
8060,0.31,0.4178,0.6943,1
8070,0.2528,0.3824,0.7195,1
8080,0.1152,0.279,0.8215,1
8090,0.0103,0.1147,0.8703,1
8100,-0.0339,-0.0408,0.8669,1
8110,-0.0576,-0.206,0.8789,1
8120,-0.0376,-0.3568,0.9006,1
8130,-0.0234,-0.471,0.9833,1
8140,0.0105,-0.5694,1.0612,1
8150,0.1142,-0.6331,1.067,1
8160,0.2279,-0.6553,1.0477,1
8170,0.3292,-0.6568,1.0275,1
8180,0.409,-0.6231,1.0077,1
8190,0.4256,-0.5613,1.0485,1
8200,0.3758,-0.484,1.1278,1
8210,0.3126,-0.3924,1.2098,1
8220,0.2565,-0.2943,1.2462,1
8230,0.2309,-0.205,1.2137,1
8240,0.2192,-0.1215,1.1275,1
8250,0.1674,-0.0464,1.0726,1
8260,0.0942,-0.0146,1.0363,1
8270,0.0513,-0.0671,0.9076,1
8280,0.043,-0.153,0.7197,1
8290,0.0935,-0.2414,0.5172,1
8300,0.0246,-0.2909,0.5394,1
8310,-0.1472,-0.3605,0.7695,1
8320,-0.2104,-0.399,0.9191,1
8330,-0.0827,-0.421,0.8627,1
8340,0.0803,-0.3956,0.7949,1
8350,0.1755,-0.3927,0.7964,1
8360,0.2323,-0.3717,0.8361,1
8370,0.3119,-0.3248,0.8618,1
8380,0.3419,-0.2614,0.963,1
8390,0.3168,-0.226,1.1161,1
8400,0.3192,-0.1684,1.192,1
8410,0.2995,-0.1086,1.2305,1
8420,0.2458,-0.0747,1.2401,1
8430,0.173,-0.0949,1.2071,1
8440,0.0781,-0.1562,1.1361,1
8450,0.0437,-0.2348,0.9882,1
8460,0.022,-0.2977,0.8647,1
8470,-0.0044,-0.3607,0.7837,1
8480,0.0239,-0.3973,0.6836,1
8490,0.0688,-0.3585,0.6245,1
8500,0.0556,-0.3141,0.6807,1
8510,-0.0337,-0.2812,0.8513,1
8520,-0.1391,-0.2592,1.0692,1
8530,-0.1396,-0.2672,1.1766,1
8540,0.0405,-0.2743,1.0499,1
8550,0.2826,-0.248,0.8437,1
8560,0.3595,-0.2404,0.8437,1
8570,0.2514,-0.2882,1.0463,1
8580,0.1591,-0.3385,1.1088,1
8590,0.2697,-0.4022,0.8928,1
8600,0.1591,-0.338,0.9926,1
8610,0.0639,-0.3488,1.129,1
8620,0.1528,-0.3207,0.9936,1
8630,0.214,-0.2314,0.9015,1
8640,0.1499,-0.2211,0.9289,1
8650,0.0891,-0.246,0.9613,1
8660,0.0691,-0.2133,0.9306,1
8670,0.0527,-0.2079,0.9106,1
8680,0.0112,-0.2038,0.9596,1
8690,-0.0212,-0.1972,1.0319,1
8700,0.0259,-0.1926,1.0026,1
8710,0.1269,-0.1838,0.9177,1
8720,0.1784,-0.1645,0.9074,1
8730,0.1596,-0.197,0.9418,1
8740,0.0351,-0.227,1.1039,1
8750,-0.0432,-0.277,1.1966,1
8760,-0.0002,-0.3322,1.1493,1
8770,0.0303,-0.317,1.1629,1
8780,0.0332,-0.3573,1.2147,1
8790,0.0359,-0.3844,1.2525,1
8800,0.0813,-0.3827,1.2183,1
8810,0.1718,-0.4037,1.0836,1
8820,0.2258,-0.4,0.9774,1
8830,0.2116,-0.3834,0.9384,1
8840,0.1872,-0.3673,0.9186,1
8850,0.1618,-0.3312,0.9096,1
8860,0.1745,-0.279,0.8522,1
8870,0.2175,-0.2099,0.7805,1
8880,0.2499,-0.1335,0.7441,1
8890,0.2716,-0.0698,0.7244,1
8900,0.2729,-0.0242,0.7192,1
8910,0.2973,0.0149,0.6716,1
8920,0.3751,0.0691,0.553,1
8930,0.4308,0.145,0.524,1
8940,0.4264,0.2445,0.6287,1
8950,0.3973,0.2899,0.7693,1
8960,0.3619,0.287,0.8449,1
8970,0.3444,0.2265,0.7986,1
8980,0.3087,0.1333,0.7397,1
8990,0.2297,0.0334,0.7497,1
9000,0.1516,-0.0693,0.7756,1
9010,0.053,-0.1813,0.8213,1
9020,-0.1071,-0.3168,0.9308,1
9030,-0.2995,-0.4723,1.1014,1
9040,-0.4752,-0.6341,1.2645,1
9050,-0.5738,-0.7771,1.3601,1
9060,-0.5889,-0.9096,1.3721,1
9070,-0.5879,-1.0446,1.3882,1
9080,-0.6004,-1.1275,1.4963,1
9090,-0.6394,-1.1847,1.6947,1
9100,-0.635,-1.1944,1.89,1
9110,-0.5848,-1.1522,2.0132,1
9120,-0.5545,-1.1485,2.0774,1
9130,-0.5784,-1.1576,2.0755,1
9140,-0.6553,-1.2342,1.9202,1
9150,-0.738,-1.3225,1.6257,1
9160,-0.7619,-1.3848,1.2322,1
9170,-0.7192,-1.3938,0.8169,1
9180,-0.7261,-1.2662,0.6607,1
9190,-0.904,-1.0878,0.8242,1
9200,-1.0714,-0.9699,0.9269,1
9210,-1.0138,-0.8957,0.6621,1
9220,-0.7192,-0.7456,0.258,1
9230,-0.4708,-0.4625,0.2287,1
9240,-0.3612,-0.1386,0.5001,1
9250,-0.2333,0.2067,0.82,1
9260,-0.1779,0.5145,1.1725,1
9270,-0.1535,0.7305,1.6147,1
9280,-0.0442,0.8881,1.93,1
9290,0.1994,1.2039,2.1184,1
9300,0.3663,1.6794,2.5458,1
9310,0.4227,1.9527,3.2362,1
9320,0.6792,2.1509,3.7641,1
9330,1.015,2.402,3.8009,1
9340,1.3718,2.5382,3.2484,1
9350,1.6537,2.6239,2.4904,1
9360,1.6342,2.4328,1.7733,1
9370,1.1373,2.0076,1.22,1
9380,0.4413,1.3272,0.8393,1
9390,0.0727,0.8735,0.7436,1
9400,-0.9804,0.3705,1.1881,1
9410,-1.4892,-0.5089,1.1224,1
9420,-1.3919,-0.3229,1.2357,1
9430,-2.2661,-0.5303,2.9067,1
9440,-2.997,-1.0904,3.8768,1
9450,-2.1572,-1.4949,2.8972,1
9460,-1.069,-1.7748,2.0501,1
9470,-0.4798,-1.9688,2.0635,1
9480,-0.001,-2.0677,2.2107,1
9490,0.6721,-2.0293,2.0491,1
9500,1.3723,-1.8558,1.8019,1
9510,1.7033,-1.5781,1.7982,1
9520,1.5639,-1.262,2.0984,1
9530,1.1681,-0.8789,2.4162,1
9540,0.7195,-0.4959,2.5619,1
9550,0.2072,-0.1376,2.608,1
9560,-0.2897,0.1581,2.535,1
9570,-0.5945,0.39,2.2778,1
9580,-0.751,0.6792,1.9708,1
9590,-0.7702,0.8298,1.6176,1
9600,-0.7334,0.8713,1.0839,1
9610,-0.3795,0.9728,0.5015,1
9620,-0.2614,1.1893,0.268,1
9630,-0.3034,1.1456,0.3556,1
9640,-0.2892,1.0587,0.3558,1
9650,-0.2238,0.9211,0.3168,1
9660,-0.2153,0.709,0.4095,1
9670,-0.1289,0.4669,0.5704,1
9680,-0.1196,0.4139,1.0304,1
9690,-0.1891,0.1169,1.4538,1
9700,-0.0112,-0.1367,1.4956,1
9710,0.1801,-0.3392,1.5144,1
9720,0.2997,-0.5272,1.6137,1
9730,0.3893,-0.7075,1.7108,1
9740,0.4862,-0.8679,1.7069,1
9750,0.5584,-0.9508,1.6323,1
9760,0.5599,-1.0272,1.5449,1
9770,0.4781,-1.0682,1.4773,1
9780,0.3524,-1.0421,1.4019,1
9790,0.193,-0.9721,1.346,1
9800,0.0227,-0.8576,1.3128,1
9810,-0.1042,-0.7053,1.2601,1
9820,-0.1694,-0.5389,1.1617,1
9830,-0.1762,-0.3741,1.0402,1
9840,-0.1574,-0.224,0.9389,1
9850,-0.1125,-0.0952,0.8554,1
9860,-0.0513,0.0254,0.8008,1
9870,0.0173,0.1191,0.7766,1
9880,0.0847,0.1877,0.7722,1
9890,0.1481,0.2375,0.7868,1
9900,0.1823,0.2465,0.8215,1
9910,0.1957,0.2214,0.8698,1
9920,0.1955,0.153,0.8991,1
9930,0.1765,0.05,0.9138,1
9940,0.1469,-0.0898,0.905,1
9950,0.1369,-0.2197,0.8813,1
9960,0.1228,-0.3236,0.8967,1
9970,0.1245,-0.4039,0.9347,1
9980,0.153,-0.4493,0.9596,1
9990,0.1935,-0.4752,0.9716,1
10000,0.2165,-0.491,0.9887,1
10010,0.2345,-0.5006,0.9933,1
10020,0.2441,-0.4991,0.9872,1
10030,0.2445,-0.4683,0.9984,1
10040,0.2289,-0.4176,1.0331,1
10050,0.2143,-0.3522,1.0585,1
10060,0.2216,-0.2748,1.0526,1
10070,0.2233,-0.1972,1.0319,1
10080,0.2123,-0.1437,1.0087,1
10090,0.1899,-0.1067,0.9755,1
10100,0.1611,-0.0942,0.9325,1
10110,0.1276,-0.0915,0.9011,1
10120,0.0908,-0.0974,0.8852,1
10130,0.0735,-0.103,0.8764,1
10140,0.071,-0.1071,0.8835,1
10150,0.0649,-0.1208,0.9238,1
10160,0.0544,-0.163,0.9557,1
10170,0.0776,-0.217,0.9425,1
10180,0.1267,-0.2677,0.905,1
10190,0.175,-0.2992,0.9008,1
10200,0.1994,-0.3268,0.9404,1
10210,0.2289,-0.3317,0.9831,1
10220,0.2536,-0.3178,1.0272,1
10230,0.2436,-0.3056,1.0892,1
10240,0.2282,-0.3114,1.1122,1
10250,0.2116,-0.3388,1.0651,1
10260,0.1784,-0.3788,0.996,1
10270,0.1086,-0.4203,0.9613,1
10280,0.0207,-0.452,0.9743,1
10290,-0.011,-0.4659,0.9545,1
10300,0.0227,-0.4298,0.904,1
10310,0.042,-0.3607,0.9408,1
10320,0.0261,-0.2929,1.0756,1
10330,0.0059,-0.2585,1.1705,1
10340,0.0293,-0.2714,1.14,1
10350,0.1184,-0.2758,0.9875,1
10360,0.2157,-0.2524,0.8679,1
10370,0.2873,-0.1721,0.8396,1
10380,0.361,-0.0552,0.8525,1
10390,0.4269,0.0859,0.8886,1
10400,0.4696,0.2089,0.9457,1
10410,0.5037,0.3183,0.9447,1
10420,0.5164,0.3878,0.9321,1
10430,0.501,0.4244,0.9094,1
10440,0.4986,0.4703,0.8876,1
10450,0.4945,0.5308,0.9025,1
10460,0.491,0.5975,0.9374,1
10470,0.4791,0.7217,1.0004,1
10480,0.4178,0.8154,1.1663,1
10490,0.3676,0.9167,1.375,1
10500,0.4061,1.1266,1.6227,1
10510,0.5176,1.2664,1.949,1
10520,0.5806,1.4663,2.4394,1
10530,0.7166,1.6728,2.9209,1
10540,1.0241,2.0489,3.2731,1
10550,1.3421,2.1838,3.1671,1
10560,1.6115,2.2763,2.393,1
10570,1.6996,2.1963,1.2759,1
10580,1.2142,1.8578,0.4444,1
10590,0.3517,1.3133,0.1264,1
10600,-1.0736,1.0919,1.592,1
10610,-3.03,0.2677,3.5564,1
10620,-5.1313,0.6838,7.0188,1
10630,-6.8607,0.0913,7.997,1
10640,-6.2662,-0.2589,7.997,1
10650,-5.3693,-0.7083,7.6807,1
10660,-4.2058,-1.0075,7.0791,1
10670,-2.5999,-1.2342,6.0504,1
10680,-1.2296,-1.7543,5.4842,1
10690,1.7201,-4.7618,7.2763,1
10700,4.3777,-7.1702,7.3779,1
10710,2.4362,-2.0794,3.512,1
10720,0.9079,-2.5672,2.3349,1
10730,-0.2746,-1.3782,2.4794,1
10740,-1.1515,-0.5347,2.9599,1
10750,-1.1803,1.0084,3.8954,1
10760,-0.5545,-0.1943,1.6825,1
10770,-2.1357,0.3014,3.3577,1
10780,-2.5245,1.0436,3.9056,1
10790,-1.7743,0.6648,3.1464,1
10800,-1.3482,1.2286,2.7993,1
10810,-1.0319,1.5634,2.5184,1
10820,-0.401,1.4609,2.0584,1
10830,0.043,1.785,1.6147,1
10840,0.4049,1.8914,1.1944,1
10850,0.7187,1.8021,0.8332,1
10860,0.8259,1.6581,0.6838,1
10870,0.6348,1.3582,0.8056,1
10880,0.3656,0.9169,0.9206,1
10890,0.2716,0.5738,0.8925,1
10900,-0.2031,0.3951,1.4514,1
10910,-0.667,-0.2101,1.9464,1
10920,-0.6658,-0.5679,1.8068,1
10930,-0.5574,-0.8296,1.6781,1
10940,-0.5528,-1.0673,1.7748,1
10950,-0.4669,-1.3374,1.7804,1
10960,-0.1887,-1.4438,1.5839,1
10970,0.1147,-1.4863,1.3975,1
10980,0.3056,-1.4819,1.3584,1
10990,0.3985,-1.3665,1.4172,1
11000,0.4413,-1.192,1.4829,1
11010,0.4186,-0.9831,1.5422,1
11020,0.3287,-0.7375,1.5856,1
11030,0.205,-0.5032,1.5651,1
11040,0.0595,-0.2848,1.5022,1
11050,-0.0801,-0.102,1.4002,1
11060,-0.1818,0.0464,1.2518,1
11070,-0.2309,0.1725,1.0587,1
11080,-0.2504,0.2836,0.8764,1
11090,-0.2692,0.3412,0.7554,1
11100,-0.2804,0.3819,0.6721,1
11110,-0.2641,0.3812,0.5928,1
11120,-0.2394,0.3568,0.5425,1
11130,-0.2165,0.306,0.5652,1
11140,-0.1918,0.2267,0.6367,1
11150,-0.1376,0.1413,0.7346,1
11160,-0.0805,0.0449,0.8759,1
11170,-0.0254,-0.0876,1.0102,1
11180,0.0776,-0.2189,1.0699,1
11190,0.1725,-0.3519,1.1173,1
11200,0.217,-0.4718,1.1861,1
11210,0.2489,-0.5874,1.2188,1
11220,0.3017,-0.667,1.189,1
11230,0.3358,-0.7068,1.1422,1
11240,0.306,-0.7251,1.1432,1
11250,0.2453,-0.7107,1.1561,1
11260,0.1743,-0.6607,1.1556,1
11270,0.0976,-0.5996,1.1449,1
11280,0.0203,-0.5198,1.1156,1
11290,-0.0393,-0.4454,1.0421,1
11300,-0.0571,-0.3583,0.9528,1
11310,-0.0581,-0.2538,0.8879,1
11320,-0.0542,-0.145,0.8693,1
11330,-0.0308,-0.0473,0.8627,1
11340,-0.0017,0.0383,0.8608,1
11350,0.0085,0.0864,0.8813,1
11360,0.0056,0.0979,0.8998,1
11370,-0.002,0.0669,0.8967,1
11380,0.0005,-0.0012,0.8688,1
11390,0.0112,-0.0764,0.8376,1
11400,0.0371,-0.1508,0.8144,1
11410,0.0654,-0.204,0.8283,1
11420,0.0732,-0.2511,0.8925,1
11430,0.0737,-0.2931,0.9709,1
11440,0.073,-0.3473,1.017,1
11450,0.0803,-0.4027,1.0289,1
11460,0.1074,-0.4449,0.996,1
11470,0.1518,-0.4613,0.9369,1
11480,0.1708,-0.4444,0.9284,1
11490,0.1633,-0.4039,0.9694,1
11500,0.1528,-0.3417,1.015,1
11510,0.1572,-0.2714,1.0387,1
11520,0.1581,-0.1952,1.036,1
11530,0.1257,-0.1516,1.0319,1
11540,0.0964,-0.1303,0.9862,1
11550,0.0842,-0.1062,0.9111,1
11560,0.0837,-0.0732,0.8549,1
11570,0.0971,-0.0315,0.8244,1
11580,0.0949,0.0066,0.8344,1
11590,0.0632,0.0115,0.8727,1
11600,0.0366,-0.0085,0.8967,1
11610,0.0066,-0.06,0.9096,1
11620,-0.0054,-0.1215,0.8962,1
11630,-0.0032,-0.1872,0.8715,1
11640,-0.0041,-0.2502,0.8813,1
11650,-0.0283,-0.3014,0.946,1
11660,-0.0603,-0.3558,1.0329,1
11670,-0.1101,-0.4132,1.1173,1
11680,-0.1747,-0.4935,1.181,1
11690,-0.2248,-0.5889,1.1795,1
11700,-0.2797,-0.6751,1.1693,1
11710,-0.3912,-0.7314,1.2779,1
11720,-0.5945,-0.7732,1.5315,1
11730,-0.8166,-0.8186,1.8072,1
11740,-1.0214,-0.8535,2.0811,1
11750,-1.2559,-0.9452,2.3283,1
11760,-1.3777,-1.09,2.3144,1
11770,-1.2923,-1.2178,2.0291,1
11780,-1.1807,-1.3213,1.7699,1
11790,-1.1705,-1.3716,1.7528,1
11800,-1.2637,-1.4085,1.8148,1
11810,-1.2281,-1.4966,1.6081,1
11820,-1.0663,-1.5651,1.1942,1
11830,-0.9052,-1.6057,0.7656,1
11840,-0.6912,-1.5937,0.3273,1
11850,-0.4893,-1.437,0.0603,1
11860,-0.4303,-1.0714,0.2421,1
11870,-0.5643,-0.5831,0.8542,1
11880,-0.7083,-0.1003,1.5498,1
11890,-0.7651,0.3053,2.0974,1
11900,-0.9074,0.9145,2.938,1
11910,-1.1141,1.3409,3.892,1
11920,-0.9562,2.0862,5.3471,1
11930,-1.0678,2.9802,7.0901,1
11940,-0.871,3.092,7.997,1
11950,0.1374,3.7316,7.6314,1
11960,0.7307,7.997,1.0043,1
11970,0.0522,4.6368,4.2332,1
11980,2.4235,4.1146,1.8936,1
11990,3.6814,2.7327,-0.555,1
12000,2.0752,1.6515,0.1003,1
12010,-0.4649,0.5433,2.7608,1
12020,-2.2307,-0.2282,4.4548,1
12030,-2.5401,-0.9518,3.9918,1
12040,-2.3942,-1.6188,2.7864,1
12050,-2.1057,-1.6064,2.7413,1
12060,-2.7971,-1.7589,3.7109,1
12070,-2.5382,-2.0237,3.2657,1
12080,-1.098,-2.3835,1.7294,1
12090,-0.0178,-2.5265,0.9933,1
12100,0.4025,-2.4406,1.1395,1
12110,0.6709,-2.1753,1.4456,1
12120,0.9731,-1.796,1.6357,1
12130,1.1017,-1.2891,1.8809,1
12140,0.8725,-0.7685,2.3613,1
12150,0.4713,-0.2807,2.8386,1
12160,0.1747,0.1469,2.9287,1
12170,-0.0525,0.4884,2.7561,1
12180,-0.2204,0.8305,2.4469,1
12190,-0.3654,1.0458,2.074,1
12200,-0.4288,1.0946,1.5451,1
12210,-0.4029,1.0861,0.8601,1
12220,-0.3429,1.0231,0.2475,1
12230,-0.41,0.9296,-0.0661,1
12240,-0.5482,0.7903,-0.1406,1
12250,-0.6651,0.6245,-0.0942,1
12260,-0.7231,0.4198,0.0281,1
12270,-0.7105,0.1933,0.2306,1
12280,-0.6441,0.009,0.5745,1
12290,-0.5338,-0.1386,1.0136,1
12300,-0.3654,-0.2677,1.4143,1
12310,-0.142,-0.3802,1.6918,1
12320,0.1174,-0.512,1.8338,1
12330,0.3417,-0.6538,1.8695,1
12340,0.5025,-0.7929,1.808,1
12350,0.618,-0.9181,1.6718,1
12360,0.6516,-0.9774,1.54,1
12370,0.5535,-0.9748,1.4919,1
12380,0.3593,-0.9384,1.4783,1
12390,0.1564,-0.8547,1.4187,1
12400,-0.0386,-0.7419,1.3118,1
12410,-0.2138,-0.6226,1.1998,1
12420,-0.3102,-0.4749,1.0573,1
12430,-0.3524,-0.3268,0.9203,1
12440,-0.3673,-0.1821,0.812,1
12450,-0.3676,-0.063,0.7646,1
12460,-0.3522,0.0569,0.7815,1
12470,-0.3029,0.1533,0.831,1
12480,-0.1899,0.2309,0.8371,1
12490,-0.0486,0.268,0.8032,1
12500,0.06,0.2672,0.7815,1
12510,0.1189,0.2201,0.7949,1
12520,0.0991,0.1232,0.8469,1
12530,0.0469,-0.0022,0.9045,1
12540,-0.01,-0.1347,0.9508,1
12550,-0.0737,-0.2626,1.0263,1
12560,-0.1284,-0.3722,1.1205,1
12570,-0.1489,-0.4705,1.1602,1
12580,-0.1101,-0.5621,1.1163,1
12590,-0.0337,-0.6221,0.9992,1
12600,0.0164,-0.6687,0.9081,1
12610,0.0027,-0.6824,0.8911,1
12620,-0.0225,-0.6575,0.9199,1
12630,-0.0625,-0.5838,1.0082,1
12640,-0.1103,-0.4683,1.1493,1
12650,-0.1125,-0.3346,1.251,1
12660,-0.0837,-0.214,1.2693,1
12670,-0.0337,-0.1391,1.189,1
12680,0.0046,-0.1049,1.0541,1
12690,-0.0005,-0.0844,0.9406,1
12700,-0.0564,-0.0898,0.8798,1
12710,-0.1096,-0.1225,0.8496,1
12720,-0.176,-0.0835,0.8156,1
12730,-0.156,-0.1311,0.7842,1
12740,-0.2492,-0.102,0.9328,1
12750,-0.1176,-0.1154,0.8437,1
12760,0.0486,-0.0073,0.7314,1
12770,-0.0268,0.0359,0.8918,1
12780,-0.1652,-0.0769,1.0538,1
12790,-0.1718,-0.1882,0.9745,1
12800,-0.1625,-0.3358,0.8698,1
12810,-0.1777,-0.4827,0.8657,1
12820,-0.1794,-0.573,0.9257,1
12830,-0.1228,-0.5745,0.956,1
12840,-0.0979,-0.5677,1.0155,1
12850,-0.0905,-0.5787,1.0734,1
12860,-0.0554,-0.5669,1.0446,1
12870,-0.0107,-0.5457,1.005,1
12880,0.019,-0.4681,0.9911,1
12890,0.0478,-0.3737,0.975,1
12900,-0.0071,-0.2345,1.0551,1
12910,-0.0737,-0.1501,1.1615,1
12920,-0.0283,-0.0886,1.0768,1
12930,0.0242,-0.0305,0.924,1
12940,-0.0427,-0.0461,0.8637,1
12950,-0.145,-0.1433,0.8198,1
12960,-0.246,-0.224,0.8012,1
12970,-0.3131,-0.2899,0.7859,1
12980,-0.328,-0.3397,0.7712,1
12990,-0.3222,-0.3563,0.7978,1
13000,-0.2643,-0.3551,0.831,1
13010,-0.1877,-0.3456,0.8813,1
13020,-0.1115,-0.3253,0.9447,1
13030,-0.0351,-0.2899,0.9811,1
13040,0.0129,-0.2807,0.9982,1
13050,0.0127,-0.287,1.0131,1
13060,0.0063,-0.34,0.9926,1
13070,-0.0417,-0.3495,0.9962,1
13080,-0.1223,-0.4168,1.0577,1
13090,-0.1274,-0.391,1.0734,1
13100,-0.0452,-0.3348,1.0121,1
13110,0.0288,-0.265,0.9494,1
13120,0.0124,-0.2031,0.9416,1
13130,-0.0864,-0.2392,0.944,1
13140,-0.2175,-0.3156,0.9374,1
13150,-0.3146,-0.3724,0.9145,1
13160,-0.3263,-0.3817,0.884,1
13170,-0.257,-0.337,0.8557,1
13180,-0.1347,-0.2677,0.7783,1
13190,-0.0547,-0.2128,0.7241,1
13200,-0.1125,-0.2236,0.8066,1
13210,-0.206,-0.2746,0.9433,1
13220,-0.2609,-0.3034,1.0497,1
13230,-0.2365,-0.3014,1.0853,1
13240,-0.1457,-0.2873,1.0534,1
13250,-0.0664,-0.2816,1.0263,1
13260,-0.0185,-0.298,1.015,1
13270,-0.0154,-0.3329,1.0143,1
13280,-0.0901,-0.3949,1.0892,1
13290,-0.1403,-0.4508,1.1363,1
13300,-0.114,-0.432,1.0853,1
13310,-0.0949,-0.3866,1.0524,1
13320,-0.1313,-0.3656,1.0739,1
13330,-0.1616,-0.3551,1.0582,1
13340,-0.1823,-0.3495,1.0121,1
13350,-0.1821,-0.3588,0.9511,1
13360,-0.1569,-0.3427,0.8945,1
13370,-0.0952,-0.2934,0.8159,1
13380,-0.0503,-0.2216,0.8098,1
13390,-0.0207,-0.1459,0.8754,1
13400,0.0386,-0.0613,0.9343,1
13410,0.1203,0.0513,0.9884,1
13420,0.2248,0.1801,1.0441,1
13430,0.3505,0.3619,1.0768,1
13440,0.4908,0.5345,1.1014,1
13450,0.5174,0.6009,1.1727,1
13460,0.4935,0.6441,1.1678,1
13470,0.4564,0.6311,1.0756,1
13480,0.3951,0.6006,1.0114,1
13490,0.3265,0.554,0.9806,1
13500,0.2362,0.5318,1.0775,1
13510,0.2211,0.4967,1.1422,1
13520,0.2233,0.4544,1.2181,1
13530,0.2702,0.4456,1.2825,1
13540,0.3832,0.5413,1.264,1
13550,0.5406,0.6875,1.1336,1
13560,0.6629,0.7395,1.0209,1
13570,0.7746,0.6704,0.6494,1
13580,0.5918,0.493,0.493,1
13590,-0.0244,0.0405,0.7017,1
13600,-1.0138,-0.5711,1.3826,1
13610,-2.0276,-1.0717,2.1177,1
13620,-2.7642,-1.4233,2.6485,1
13630,-3.0668,-1.736,2.842,1
13640,-2.6961,-2.0003,2.578,1
13650,-2.1475,-2.1587,2.2895,1
13660,-1.4124,-2.3344,1.8678,1
13670,-0.626,-2.3593,1.5073,1
13680,0.0105,-2.1738,1.3553,1
13690,0.5301,-1.9168,1.313,1
13700,0.7751,-1.4695,1.5034,1
13710,0.8508,-0.9694,1.7003,1
13720,0.8305,-0.5006,1.7787,1
13730,0.7073,-0.0652,1.7809,1
13740,0.5074,0.3258,1.7516,1
13750,0.2587,0.637,1.7296,1
13760,0.0244,0.9159,1.6144,1
13770,-0.1481,1.0987,1.3953,1
13780,-0.2526,1.2139,1.0892,1
13790,-0.3143,1.2476,0.7956,1
13800,-0.3883,1.2003,0.6109,1
13810,-0.4693,1.0651,0.5381,1
13820,-0.5242,0.8774,0.5506,1
13830,-0.5176,0.6597,0.617,1
13840,-0.4659,0.4195,0.7395,1
13850,-0.3963,0.164,0.9291,1
13860,-0.3121,-0.0686,1.1588,1
13870,-0.1923,-0.2873,1.3267,1
13880,-0.0549,-0.4576,1.4304,1
13890,-0.0217,-0.6555,1.6169,1
13900,0.0766,-0.7563,1.6679,1
13910,0.3758,-0.892,1.4434,1
13920,0.4784,-0.8774,1.4456,1
13930,0.3617,-0.9467,1.5822,1
13940,0.39,-0.9997,1.4314,1
13950,0.3107,-0.9399,1.3728,1
13960,0.1674,-0.8835,1.344,1
13970,0.0156,-0.7954,1.304,1
13980,-0.1391,-0.6272,1.3074,1
13990,-0.2311,-0.4193,1.2476,1
14000,-0.2531,-0.224,1.2371,1
14010,-0.2182,0.0796,1.1024,1
14020,-0.2194,0.1996,1.0604,1
14030,-0.2221,0.3317,1.035,1
14040,-0.0844,0.3278,0.7934,1
14050,-0.0012,0.3881,0.6411,1
14060,-0.0798,0.4461,0.7842,1
14070,-0.1223,0.358,0.8635,1
14080,-0.0761,0.3002,0.7392,1
14090,0.0237,0.1823,0.5508,1
14100,0.0547,0.0476,0.5103,1
14110,-0.0205,-0.0412,0.6614,1
14120,-0.0991,-0.1547,0.8376,1
14130,-0.152,-0.3039,0.9487,1
14140,-0.1396,-0.4415,0.9811,1
14150,-0.0888,-0.555,0.9953,1
14160,-0.0444,-0.6355,1.0551,1
14170,0.0217,-0.667,1.1214,1
14180,0.1294,-0.6638,1.1258,1
14190,0.2367,-0.6333,1.0939,1
14200,0.2711,-0.5855,1.1058,1
14210,0.214,-0.543,1.1617,1
14220,0.1355,-0.5191,1.1593,1
14230,0.0957,-0.4757,1.0609,1
14240,0.0378,-0.4142,0.977,1
14250,-0.041,-0.3431,0.9494,1
14260,-0.0901,-0.2631,0.9286,1
14270,-0.0969,-0.1757,0.8954,1
14280,-0.0942,-0.0962,0.8745,1
14290,-0.1018,-0.052,0.8798,1
14300,-0.1174,-0.0364,0.883,1
14310,-0.1294,-0.0564,0.8698,1
14320,-0.1286,-0.0896,0.8483,1
14330,-0.1008,-0.1311,0.8193,1
14340,-0.0774,-0.1733,0.8315,1
14350,-0.0739,-0.2177,0.8913,1
14360,-0.0251,-0.2411,0.923,1
14370,0.0632,-0.2463,0.9186,1
14380,0.1132,-0.2533,0.9562,1
14390,0.1008,-0.2943,1.0228,1
14400,0.07,-0.3634,1.0497,1
14410,0.0554,-0.4449,1.0158,1
14420,0.0505,-0.5047,0.9677,1
14430,0.0571,-0.544,0.9433,1
14440,0.0595,-0.5389,0.9638,1
14450,0.0771,-0.5106,0.9994,1
14460,0.0937,-0.4708,1.0353,1
14470,0.0903,-0.4391,1.0704,1
14480,0.083,-0.4342,1.0743,1
14490,0.0766,-0.4422,1.0319,1
14500,0.0808,-0.4525,0.9569,1
14510,0.0771,-0.4398,0.9072,1
14520,0.0549,-0.389,0.933,1
14530,0.0171,-0.3234,0.9899,1
14540,-0.0044,-0.2663,0.9992,1
14550,-0.0652,-0.2258,1.0226,1
14560,-0.1791,-0.2228,1.0846,1
14570,-0.2804,-0.2409,1.108,1
14580,-0.3334,-0.2587,1.0717,1
14590,-0.3656,-0.276,1.035,1
14600,-0.3678,-0.2809,1.007,1
14610,-0.3261,-0.2572,0.9567,1
14620,-0.2704,-0.2038,0.9296,1
14630,-0.2506,-0.1472,0.965,1
14640,-0.2614,-0.1176,1.0209,1
14650,-0.2558,-0.104,1.0148,1
14660,-0.2443,-0.0993,0.9879,1
14670,-0.2536,-0.1032,0.977,1
14680,-0.2406,-0.123,0.9145,1
14690,-0.2392,-0.1357,0.8442,1
14700,-0.3161,-0.166,0.863,1
14710,-0.4068,-0.205,0.9186,1
14720,-0.4332,-0.2314,0.9228,1
14730,-0.4103,-0.2192,0.9281,1
14740,-0.3744,-0.1706,0.9982,1
14750,-0.3307,-0.1262,1.0863,1
14760,-0.2738,-0.0988,1.1156,1
14770,-0.2018,-0.1096,1.0751,1
14780,-0.1484,-0.152,1.0058,1
14790,-0.1106,-0.2201,0.9382,1
14800,-0.0547,-0.268,0.8701,1
14810,0.0005,-0.2936,0.852,1
14820,0.0688,-0.2992,0.8496,1
14830,0.1816,-0.2924,0.791,1
14840,0.2763,-0.2931,0.7375,1
14850,0.3078,-0.3292,0.7405,1
14860,0.3229,-0.3768,0.7522,1
14870,0.3385,-0.3905,0.7961,1
14880,0.3612,-0.4034,0.8735,1
14890,0.4374,-0.433,0.8984,1
14900,0.5518,-0.4698,0.9028,1
14910,0.6941,-0.5089,0.9008,1
14920,0.913,-0.5408,0.8562,1
14930,1.1078,-0.5691,0.8666,1
14940,1.2266,-0.6716,0.9814,1
14950,1.2586,-0.7844,1.1971,1
14960,1.2803,-0.9435,1.4136,1
14970,1.3633,-1.1388,1.5446,1
14980,1.5729,-1.316,1.5383,1
14990,1.9012,-1.4302,1.4368,1
15000,2.1682,-1.4748,1.4434,1
15010,2.127,-1.4741,1.7335,1
15020,1.7992,-1.5212,2.1682,1
15030,1.46,-1.5891,2.3547,1
15040,1.0441,-1.6589,2.3661,1
15050,0.5225,-1.7438,2.2634,1
15060,-0.0757,-1.7389,2.1265,1
15070,-0.8149,-1.5473,2.2051,1
15080,-1.6781,-1.1634,2.5924,1
15090,-2.4684,-0.6858,3.0978,1
15100,-2.987,-0.2106,3.4383,1
15110,-3.1522,0.216,3.4837,1
15120,-3.08,0.5957,3.3785,1
15130,-2.7708,0.9423,3.1849,1
15140,-2.3447,1.2689,2.9895,1
15150,-1.9302,1.498,2.7679,1
15160,-1.5283,1.5017,2.319,1
15170,-1.0487,1.3572,1.5759,1
15180,-0.5291,1.2449,0.8493,1
15190,-0.2987,1.2867,0.7512,1
15200,-0.3295,1.1837,1.0319,1
15210,-0.2853,1.0477,1.0868,1
15220,-0.1718,0.8974,0.9269,1
15230,-0.0893,0.7544,0.8159,1
15240,-0.1601,0.6241,0.9635,1
15250,-0.5262,0.452,1.3567,1
15260,-0.6053,0.0142,1.365,1
15270,-0.4481,-0.2519,1.0804,1
15280,-0.391,-0.6209,1.0397,1
15290,-0.2892,-0.9033,1.1017,1
15300,-0.0735,-1.0704,1.1593,1
15310,0.1699,-1.1495,1.3091,1
15320,0.3683,-1.1722,1.538,1
15330,0.5379,-1.161,1.7538,1
15340,0.7043,-1.1139,1.8975,1
15350,0.8256,-1.0441,1.9776,1
15360,0.8674,-0.995,2.0013,1
15370,0.8181,-0.9325,1.9644,1
15380,0.6951,-0.8654,1.8553,1
15390,0.5191,-0.7785,1.6833,1
15400,0.2853,-0.6809,1.5337,1
15410,0.0488,-0.564,1.384,1
15420,-0.1098,-0.4478,1.1746,1
15430,-0.2011,-0.3158,0.9796,1
15440,-0.2646,-0.1782,0.8454,1
15450,-0.2655,-0.0595,0.7295,1
15460,-0.2211,0.0552,0.6309,1
15470,-0.174,0.1523,0.584,1
15480,-0.1538,0.2013,0.6028,1
15490,-0.1376,0.2179,0.6424,1
15500,-0.0949,0.197,0.6504,1
15510,-0.0232,0.1542,0.6292,1
15520,0.032,0.0979,0.6585,1
15530,0.0678,0.0242,0.738,1
15540,0.0791,-0.0593,0.8449,1
15550,0.0556,-0.1489,0.9753,1
15560,0.0164,-0.2624,1.0861,1
15570,-0.0032,-0.389,1.1183,1
15580,0.0115,-0.4901,1.0804,1
15590,0.0337,-0.5787,1.0275,1
15600,0.0473,-0.616,1.005,1
15610,0.0437,-0.6048,1.0455,1
15620,0.0046,-0.5657,1.1261,1
15630,-0.0334,-0.5152,1.1739,1
15640,-0.0688,-0.4649,1.1663,1
15650,-0.1032,-0.43,1.1222,1
15660,-0.1213,-0.3878,1.0541,1
15670,-0.113,-0.3444,0.9587,1
15680,-0.0749,-0.2802,0.8674,1
15690,-0.0508,-0.1938,0.8461,1
15700,-0.0818,-0.1167,0.9418,1
15710,-0.1137,-0.0671,1.0404,1
15720,-0.0937,-0.0508,1.0333,1
15730,-0.0469,-0.0737,0.9465,1
15740,-0.0249,-0.1364,0.8613,1
15750,-0.0249,-0.207,0.833,1
15760,-0.022,-0.2626,0.8332,1
15770,0.0,-0.3036,0.8461,1
15780,0.0088,-0.3444,0.8864,1
15790,0.0129,-0.3888,0.9274,1
15800,0.0012,-0.4305,0.9823,1
15810,-0.012,-0.481,1.0336,1
15820,0.0015,-0.5264,1.035,1
15830,0.0444,-0.546,0.9918,1
15840,0.091,-0.5318,0.9709,1
15850,0.1096,-0.4784,0.9948,1
15860,0.0979,-0.4232,1.0336,1
15870,0.0498,-0.3883,1.0516,1
15880,0.0049,-0.3798,0.9975,1
15890,-0.0403,-0.3627,0.9113,1
15900,-0.1381,-0.3405,0.9094,1
15910,-0.2565,-0.3021,0.9762,1
15920,-0.337,-0.2467,1.026,1
15930,-0.3754,-0.1848,1.047,1
15940,-0.4193,-0.1284,1.0946,1
15950,-0.4681,-0.0847,1.1624,1
15960,-0.513,-0.0549,1.1986,1
15970,-0.575,-0.0447,1.2103,1
15980,-0.6973,-0.0552,1.2894,1
15990,-0.8442,-0.0539,1.4033,1
16000,-0.9601,0.0085,1.5183,1
16010,-1.1768,0.1064,1.8153,1
16020,-1.5022,0.1618,2.2771,1
16030,-1.8121,0.1633,2.6629,1
16040,-1.9432,0.0927,2.6763,1
16050,-1.8756,-0.0256,2.3405,1
16060,-1.6798,-0.1347,1.8255,1
16070,-1.4119,-0.2506,1.2833,1
16080,-1.3213,-0.2999,0.9972,1
16090,-1.4058,-0.4,0.9726,1
16100,-1.3743,-0.5416,0.7673,1
16110,-1.089,-0.7136,0.2633,1
16120,-0.6726,-0.8537,-0.2714,1
16130,-0.2697,-0.934,-0.5442,1
16140,0.0134,-0.9076,-0.3951,1
16150,0.1245,-0.8283,0.1267,1
16160,0.288,-0.8203,0.534,1
16170,0.6197,-0.8874,0.6431,1
16180,1.0246,-0.9499,0.7131,1
16190,1.212,-0.9833,1.1366,1
16200,1.139,-1.0185,1.8231,1
16210,1.1202,-1.0865,2.3427,1
16220,1.2545,-1.1183,2.5392,1
16230,1.3906,-1.1978,2.5738,1
16240,1.5124,-1.2984,2.5228,1
16250,1.6637,-1.3909,2.3527,1
16260,1.8368,-1.47,2.1111,1
16270,1.9752,-1.5473,1.8778,1
16280,2.031,-1.5949,1.7072,1
16290,2.0206,-1.6069,1.5354,1
16300,1.9202,-1.5503,1.3792,1
16310,1.6135,-1.3972,1.4346,1
16320,1.0626,-1.1031,1.7594,1
16330,0.4532,-0.7746,2.1199,1
16340,-0.1638,-0.4317,2.3813,1
16350,-0.71,-0.0774,2.5431,1
16360,-1.0919,0.2572,2.5919,1
16370,-1.2732,0.5923,2.5433,1
16380,-1.2562,0.9145,2.3954,1
16390,-1.0773,1.1595,2.1826,1
16400,-0.9089,1.2562,1.7885,1
16410,-0.5396,1.1959,1.0382,1
16420,-0.153,1.3684,0.5025,1
16430,-0.0615,1.3023,0.4588,1
16440,-0.0522,1.1339,0.4862,1
16450,0.0329,0.9179,0.3912,1
16460,0.1496,0.6853,0.2807,1
16470,0.2741,0.5357,0.4244,1
16480,0.2336,0.4835,1.0992,1
16490,-0.1411,0.2267,1.757,1
16500,-0.2885,-0.1518,2.0596,1
16510,-0.3507,-0.5106,2.1719,1
16520,-0.3292,-0.9482,2.1584,1
16530,-0.115,-1.272,1.9305,1
16540,0.1869,-1.479,1.6769,1
16550,0.4059,-1.5961,1.5668,1
16560,0.5123,-1.6467,1.5498,1
16570,0.5635,-1.6342,1.521,1
16580,0.533,-1.5444,1.5112,1
16590,0.4288,-1.4119,1.531,1
16600,0.2948,-1.2122,1.5322,1
16610,0.164,-0.9421,1.5105,1
16620,0.0539,-0.6448,1.477,1
16630,-0.0347,-0.3495,1.4221,1
16640,-0.0774,-0.0732,1.3233,1
16650,-0.1059,0.1586,1.2132,1
16660,-0.1628,0.3029,1.1017,1
16670,-0.1882,0.3961,0.9511,1
16680,-0.1655,0.4483,0.7722,1
16690,-0.1352,0.4837,0.6475,1
16700,-0.0864,0.5018,0.5899,1
16710,-0.0205,0.5042,0.5762,1
16720,0.052,0.4705,0.574,1
16730,0.0881,0.38,0.6079,1
16740,0.0378,0.2165,0.739,1
16750,-0.0286,0.0276,0.8945,1
16760,-0.0293,-0.145,1.0087,1
16770,0.0217,-0.306,1.0936,1
16780,0.1015,-0.4393,1.1795,1
16790,0.1935,-0.5506,1.2857,1
16800,0.2751,-0.6438,1.3435,1
16810,0.3524,-0.7532,1.3521,1
16820,0.3654,-0.8347,1.3589,1
16830,0.3241,-0.9328,1.3677,1
16840,0.268,-0.9931,1.3438,1
16850,0.2624,-1.0033,1.2242,1
16860,0.2877,-0.9291,1.0961,1
16870,0.2165,-0.7644,1.1529,1
16880,0.0547,-0.5486,1.3592,1
16890,-0.1018,-0.3732,1.5175,1
16900,-0.2013,-0.2253,1.501,1
16910,-0.2585,-0.1447,1.3345,1
16920,-0.2782,-0.1042,1.0965,1
16930,-0.3046,-0.0722,0.8984,1
16940,-0.3429,-0.0105,0.8054,1
16950,-0.3563,0.1001,0.8171,1
16960,-0.3461,0.2253,0.8769,1
16970,-0.3275,0.318,0.9279,1
16980,-0.3041,0.3446,0.9269,1
16990,-0.2846,0.3226,0.8981,1
17000,-0.2682,0.2565,0.8586,1
17010,-0.2216,0.1745,0.79,1
17020,-0.1049,0.124,0.7141,1
17030,-0.0051,0.0927,0.7207,1
17040,0.0608,0.0383,0.7834,1
17050,0.103,-0.0293,0.8505,1
17060,0.1101,-0.1167,0.9159,1
17070,0.0783,-0.2431,0.9626,1
17080,0.0942,-0.3893,0.9184,1
17090,0.1286,-0.5133,0.8352,1
17100,0.2035,-0.6026,0.791,1
17110,0.2892,-0.6219,0.8086,1
17120,0.3036,-0.6114,0.9665,1
17130,0.2328,-0.6172,1.201,1
17140,0.216,-0.6743,1.2796,1
17150,0.3361,-0.7371,1.1207,1
17160,0.5318,-0.7563,0.8776,1
17170,0.6948,-0.7168,0.759,1
17180,0.7751,-0.6253,0.8296,1
17190,0.7588,-0.5196,1.0355,1
17200,0.6909,-0.4908,1.2545,1
17210,0.7312,-0.5176,1.2354,1
17220,0.8825,-0.5857,1.0258,1
17230,1.0419,-0.6519,0.8654,1
17240,1.1971,-0.7063,0.8081,1
17250,1.3313,-0.6533,0.905,1
17260,1.3826,-0.5616,1.1883,1
17270,1.3662,-0.5911,1.4712,1
17280,1.4114,-0.7866,1.5117,1
17290,1.6337,-1.1022,1.1995,1
17300,1.9803,-1.3782,0.7673,1
17310,2.1467,-1.5317,0.7051,1
17320,1.9998,-1.5749,1.0685,1
17330,1.4973,-1.593,1.7028,1
17340,0.6782,-1.601,2.3852,1
17350,-0.2157,-1.6291,2.7649,1
17360,-1.0651,-1.6037,2.8364,1
17370,-1.9288,-1.4385,2.8621,1
17380,-2.7044,-1.1346,2.9392,1
17390,-3.2845,-0.7205,3.0668,1
17400,-3.6079,-0.2114,3.2269,1
17410,-3.5884,0.2592,3.2657,1
17420,-3.1889,0.6719,3.0561,1
17430,-2.627,1.0602,2.8413,1
17440,-2.114,1.3562,2.7254,1
17450,-1.6005,1.4997,2.5938,1
17460,-1.0004,1.4104,1.93,1
17470,-0.1743,1.511,1.2298,1
17480,0.2177,1.6083,0.987,1
17490,0.3082,1.4246,1.0895,1
17500,0.2931,1.2178,1.23,1
17510,0.2653,0.9892,1.2425,1
17520,0.3004,0.7436,1.139,1
17530,-0.0339,0.5784,1.47,1
17540,-0.4283,0.0417,1.9122,1
17550,-0.5342,-0.3331,1.8002,1
17560,-0.5101,-0.6753,1.612,1
17570,-0.5413,-1.0267,1.5395,1
17580,-0.4608,-1.2667,1.4268,1
17590,-0.2336,-1.4414,1.2642,1
17600,-0.0012,-1.4595,1.189,1
17610,0.1474,-1.4275,1.2925,1
17620,0.2201,-1.3284,1.4751,1
17630,0.3134,-1.1776,1.5727,1
17640,0.3902,-0.9804,1.6447,1
17650,0.4186,-0.7427,1.6877,1
17660,0.4166,-0.4947,1.6576,1
17670,0.3634,-0.2731,1.5915,1
17680,0.2626,-0.0905,1.4958,1
17690,0.1786,0.0495,1.3479,1
17700,0.0905,0.1542,1.1729,1
17710,0.0159,0.2255,1.0006,1
17720,-0.0683,0.2326,0.8278,1
17730,-0.1379,0.2072,0.6934,1
17740,-0.1584,0.1962,0.5772,1
17750,-0.1325,0.1848,0.514,1
17760,-0.1074,0.1811,0.5552,1
17770,-0.0869,0.153,0.6882,1
17780,-0.0408,0.0954,0.7959,1
17790,-0.0037,0.0103,0.8842,1
17800,0.0239,-0.0942,0.9709,1
17810,0.0476,-0.2211,1.0355,1
17820,0.101,-0.3553,1.0512,1
17830,0.1655,-0.4613,1.0446,1
17840,0.2043,-0.5194,1.1031,1
17850,0.2099,-0.5467,1.2078,1
17860,0.195,-0.5599,1.3028,1
17870,0.1484,-0.5799,1.3706,1
17880,0.1108,-0.6043,1.3877,1
17890,0.071,-0.6131,1.3736,1
17900,0.0603,-0.6014,1.2847,1
17910,0.083,-0.543,1.1822,1
17920,0.0952,-0.419,1.1561,1
17930,0.1123,-0.2648,1.1883,1
17940,0.0991,-0.1272,1.2291,1
17950,0.042,-0.0473,1.2513,1
17960,-0.0493,-0.0295,1.2052,1
17970,-0.163,-0.0859,1.1185,1
17980,-0.2204,-0.1713,0.9589,1
17990,-0.1974,-0.2663,0.75,1
18000,-0.1999,-0.3078,0.6992,1
18010,-0.2428,-0.3185,0.8688,1
18020,-0.1674,-0.3134,1.0138,1
18030,0.0334,-0.2782,1.0311,1
18040,0.194,-0.2797,1.0458,1
18050,0.2299,-0.3414,1.1522,1
18060,0.2589,-0.4251,1.1881,1
18070,0.3563,-0.4954,1.0924,1
18080,0.4122,-0.4993,1.087,1
18090,0.3434,-0.4818,1.2591,1
18100,0.3041,-0.4635,1.3347,1
18110,0.3131,-0.432,1.2535,1
18120,0.2999,-0.4303,1.1095,1
18130,0.2482,-0.4493,0.9472,1
18140,0.194,-0.4527,0.7837,1
18150,0.1552,-0.4215,0.6692,1
18160,0.0913,-0.3744,0.6709,1
18170,0.01,-0.3239,0.7461,1
18180,-0.0273,-0.3026,0.7934,1
18190,-0.0051,-0.2921,0.7754,1
18200,0.0652,-0.2594,0.7505,1
18210,0.1533,-0.2087,0.7536,1
18220,0.2389,-0.1584,0.8086,1
18230,0.3246,-0.1215,0.8547,1
18240,0.3942,-0.1137,0.8713,1
18250,0.3624,-0.143,0.9491,1
18260,0.2772,-0.215,1.0219,1
18270,0.2763,-0.2868,0.9572,1
18280,0.31,-0.3002,0.8645,1
18290,0.3231,-0.3021,0.854,1
18300,0.2709,-0.2816,0.9521,1
18310,0.2121,-0.2868,1.0202,1
18320,0.1696,-0.3273,0.9838,1
18330,0.156,-0.3829,0.8588,1
18340,0.166,-0.4298,0.7041,1
18350,0.1691,-0.4366,0.6324,1
18360,0.1315,-0.3932,0.7253,1
18370,0.1189,-0.3234,0.8413,1
18380,0.1452,-0.2458,0.9206,1
18390,0.1808,-0.1909,0.9423,1
18400,0.2253,-0.1945,0.8781,1
18410,0.2565,-0.2206,0.7468,1
18420,0.2821,-0.2492,0.6033,1
18430,0.2812,-0.2477,0.5223,1
18440,0.2543,-0.2362,0.5113,1
18450,0.2406,-0.2099,0.5086,1
18460,0.2267,-0.1811,0.4942,1
18470,0.1996,-0.1823,0.453,1
18480,0.1279,-0.2345,0.4076,1
18490,0.0952,-0.3305,0.2641,1
18500,0.2248,-0.3734,-0.0703,1
18510,0.3783,-0.3258,-0.338,1
18520,0.4134,-0.2448,-0.4117,1
18530,0.4222,-0.1974,-0.5237,1
18540,0.3456,-0.2406,-0.7351,1
18550,0.1547,-0.3715,-1.0319,1
18560,0.001,-0.5301,-1.3631,1
18570,0.0488,-0.4701,-1.6911,1
18580,0.0168,-0.2519,-1.8165,1
18590,-0.2829,-0.0876,-1.3936,1
18600,-0.771,0.2428,-0.6126,1
18610,-1.027,0.3968,-0.0449,1
18620,-0.934,0.4945,0.0852,1
18630,-0.7129,0.563,0.0793,1
18640,-0.443,0.5181,0.1755,1
18650,-0.0874,0.4808,0.2275,1
18660,0.1457,0.3763,0.5115,1
18670,0.0713,0.2997,1.3653,1
18680,-0.1252,0.05,2.3029,1
18690,-0.1379,-0.2682,2.8118,1
18700,-0.0127,-0.5176,3.0205,1
18710,0.0935,-0.7102,3.4339,1
18720,-0.0088,-1.0597,3.8239,1
18730,0.1984,-1.2796,3.6477,1
18740,0.5523,-1.4233,3.1669,1
18750,0.5879,-1.4107,3.0275,1
18760,0.2265,-1.2952,3.4329,1
18770,-0.4259,-1.0748,4.2771,1
18780,-0.9345,-0.6797,4.9995,1
18790,-0.9167,-0.3024,4.9622,1
18800,-0.515,0.0337,4.2388,1
18810,-0.0813,0.3602,3.2872,1
18820,0.2665,0.5938,2.4215,1
18830,0.3973,0.7261,1.745,1
18840,0.368,0.7915,1.3279,1
18850,0.3095,0.7656,0.9179,1
18860,0.3495,0.7588,0.5086,1
18870,0.2873,0.802,0.2458,1
18880,0.1386,0.7334,0.1311,1
18890,-0.0095,0.6158,0.0168,1
18900,-0.0847,0.4427,-0.1215,1
18910,-0.1965,0.3734,0.0207,1
18920,-0.4596,0.1313,0.3593,1
18930,-0.5892,-0.0508,0.6175,1
18940,-0.5918,-0.2348,0.8005,1
18950,-0.4503,-0.4144,0.9621,1
18960,-0.3324,-0.5157,1.2635,1
18970,-0.1904,-0.6255,1.582,1
18980,0.0361,-0.6882,1.7284,1
18990,0.1725,-0.8405,1.8497,1
19000,0.2948,-0.9887,1.8224,1
19010,0.5291,-1.1312,1.5554,1
19020,0.667,-1.1912,1.3433,1
19030,0.618,-1.2122,1.3216,1
19040,0.4801,-1.1715,1.3858,1
19050,0.3322,-1.0514,1.4446,1
19060,0.1716,-0.8315,1.5371,1
19070,-0.0339,-0.6153,1.6667,1
19080,-0.2211,-0.4718,1.6694,1
19090,-0.2201,-0.4046,1.305,1
19100,-0.1313,-0.3478,0.8522,1
19110,-0.1115,-0.2751,0.6248,1
19120,-0.1594,-0.1921,0.6004,1
19130,-0.1499,-0.1245,0.5674,1
19140,-0.0786,-0.0298,0.5525,1
19150,-0.0066,0.0937,0.6568,1
19160,0.0515,0.1896,0.8005,1
19170,0.0034,0.1877,0.9992,1
19180,0.0046,0.0981,1.006,1
19190,0.0925,-0.0325,0.8369,1
19200,0.1403,-0.1638,0.7366,1
19210,0.1669,-0.2751,0.6887,1
19220,0.1555,-0.3614,0.7451,1
19230,0.1154,-0.4115,0.8745,1
19240,0.1247,-0.4571,0.9477,1
19250,0.1618,-0.4871,0.9862,1
19260,0.155,-0.5076,1.0648,1
19270,0.1384,-0.5335,1.1136,1
19280,0.153,-0.5472,1.0965,1
19290,0.1943,-0.5247,1.0341,1
19300,0.2077,-0.4642,1.0219,1
19310,0.1867,-0.39,1.0458,1
19320,0.1755,-0.3178,1.0258,1
19330,0.163,-0.258,0.9548,1
19340,0.1289,-0.216,0.8886,1
19350,0.1001,-0.1784,0.8139,1
19360,0.0742,-0.1381,0.7661,1
19370,0.0603,-0.0937,0.7412,1
19380,0.0613,-0.0383,0.7661,1
19390,0.0215,0.029,0.8964,1
19400,-0.019,0.0366,1.0119,1
19410,0.0056,0.0,0.9804,1
19420,0.0688,-0.0737,0.8449,1
19430,0.0632,-0.1794,0.7702,1
19440,0.031,-0.2821,0.7541,1
19450,0.0461,-0.3453,0.7388,1
19460,0.0674,-0.3561,0.7961,1
19470,0.062,-0.3488,0.9379,1
19480,0.073,-0.3461,1.0443,1
19490,0.1479,-0.3556,1.0145,1
19500,0.2319,-0.3651,0.922,1
19510,0.2685,-0.37,0.861,1
19520,0.2216,-0.3766,0.8891,1
19530,0.1652,-0.3656,0.9413,1
19540,0.1413,-0.3331,0.9604,1
19550,0.1157,-0.2982,0.9748,1
19560,0.0947,-0.2772,0.956,1
19570,0.0674,-0.2721,0.9216,1
19580,0.0471,-0.2729,0.8781,1
19590,0.0688,-0.2687,0.8047,1
19600,0.0891,-0.2506,0.7644,1
19610,0.0993,-0.2211,0.7812,1
19620,0.0847,-0.1874,0.861,1
19630,0.0622,-0.1728,0.934,1
19640,0.0718,-0.183,0.9279,1
19650,0.0798,-0.2072,0.9072,1
19660,0.0576,-0.238,0.9404,1
19670,0.0534,-0.2704,0.9689,1
19680,0.1062,-0.2607,0.9333,1
19690,0.1513,-0.2394,0.926,1
19700,0.1347,-0.2355,0.9738,1
19710,0.1286,-0.2524,0.9713,1
19720,0.1303,-0.269,0.9328,1
19730,0.1152,-0.2741,0.9311,1
19740,0.0844,-0.2746,0.9713,1
19750,0.0556,-0.2675,1.0102,1
19760,0.0522,-0.2716,0.9857,1
19770,0.0769,-0.2746,0.904,1
19780,0.1098,-0.2594,0.8442,1
19790,0.122,-0.217,0.8488,1
19800,0.1071,-0.1835,0.9194,1
19810,0.0791,-0.173,0.9872,1
19820,0.0527,-0.1967,0.9933,1
19830,0.0725,-0.2182,0.9199,1
19840,0.0742,-0.2304,0.8874,1
19850,0.0495,-0.2355,0.9345,1
19860,0.0469,-0.2416,0.9694,1
19870,0.0713,-0.2384,0.9721,1
19880,0.0566,-0.2316,1.0387,1
19890,0.0298,-0.2672,1.0865,1
19900,0.0764,-0.3021,1.0009,1
19910,0.1418,-0.319,0.893,1
19920,0.1638,-0.318,0.873,1
19930,0.1699,-0.2921,0.9091,1
19940,0.2062,-0.246,0.9367,1
19950,0.2326,-0.2028,0.9433,1
19960,0.195,-0.207,0.9726,1
19970,0.1384,-0.2299,0.986,1
19980,0.0971,-0.2502,0.9728,1
19990,0.0918,-0.2592,0.9269,1
20000,0.1023,-0.2399,0.9179,1
20010,0.1203,-0.2099,0.9404,1
20020,0.1508,-0.1808,0.9523,1
20030,0.175,-0.1721,0.9394,1
20040,0.1462,-0.2106,0.9396,1
20050,0.1254,-0.2558,0.9191,1
20060,0.142,-0.2716,0.874,1
20070,0.1672,-0.2624,0.8398,1
20080,0.175,-0.2316,0.8737,1
20090,0.1425,-0.1791,1.0041,1
20100,0.1081,-0.1347,1.1383,1
20110,0.1096,-0.1198,1.161,1
20120,0.1132,-0.1508,1.088,1
20130,0.0813,-0.2262,0.9992,1
20140,0.0266,-0.3058,0.9479,1
20150,0.0166,-0.3492,0.8818,1
20160,0.0632,-0.3358,0.8276,1
20170,0.111,-0.2716,0.862,1
20180,0.1442,-0.1801,0.9745,1
20190,0.1589,-0.102,1.0853,1
20200,0.1738,-0.0747,1.1097,1
20210,0.1804,-0.0923,1.0553,1
20220,0.1586,-0.1547,0.9867,1
20230,0.093,-0.2223,0.9506,1
20240,0.06,-0.2777,0.8915,1
20250,0.0727,-0.2855,0.8381,1
20260,0.0886,-0.2458,0.8552,1
20270,0.0866,-0.2018,0.9491,1
20280,0.1049,-0.1555,1.0167,1
20290,0.1435,-0.1298,1.0153,1
20300,0.1252,-0.1542,1.0302,1
20310,0.0886,-0.2116,1.017,1
20320,0.0859,-0.2751,0.9362,1
20330,0.1413,-0.2863,0.8183,1
20340,0.2179,-0.2367,0.7771,1
20350,0.2355,-0.1518,0.8669,1
20360,0.2045,-0.091,1.0023,1
20370,0.1633,-0.073,1.0695,1
20380,0.1162,-0.1167,1.0238,1
20390,0.0776,-0.2026,0.8945,1
20400,0.0198,-0.308,0.7756,1
20410,-0.0286,-0.3861,0.7039,1
20420,-0.0366,-0.4173,0.6497,1
20430,-0.0034,-0.4293,0.5665,1
20440,0.0234,-0.4398,0.4945,1
20450,0.0171,-0.4427,0.4708,1
20460,0.0149,-0.4291,0.4496,1
20470,0.0671,-0.3885,0.3719,1
20480,0.1647,-0.3065,0.2641,1
20490,0.245,-0.2118,0.1952,1
20500,0.2865,-0.0918,0.1638,1
20510,0.2909,0.0173,0.1462,1
20520,0.2516,0.0779,0.0783,1
20530,0.1289,0.0962,-0.0327,1
20540,-0.0034,0.0986,-0.1447,1
20550,-0.0715,0.1008,-0.3187,1
20560,-0.0212,0.1384,-0.5904,1
20570,0.042,0.217,-0.8364,1
20580,0.0625,0.257,-1.007,1
20590,-0.0635,0.3222,-0.9601,1
20600,-0.4249,0.2609,-0.8818,1
20610,-0.8166,0.2082,-0.7063,1
20620,-0.7732,0.1499,-0.8703,1
20630,-0.5089,0.2821,-1.2374,1
20640,-0.3226,0.3527,-1.3614,1
20650,-0.2892,0.4583,-1.0458,1
20660,-0.3275,0.5025,-0.4649,1
20670,-0.2824,0.5052,0.3185,1
20680,-0.255,0.4215,1.018,1
20690,-0.2155,0.2394,2.0054,1
20700,-0.3212,-0.1176,2.8345,1
20710,-0.3624,-0.3009,3.9928,1
20720,-1.0206,-0.6018,5.679,1
20730,-1.2772,-0.9762,6.7123,1
20740,-0.7966,-1.3411,5.7839,1
20750,-0.4081,-0.7117,6.5583,1
20760,-1.8365,-0.6704,7.997,1
20770,-1.2679,-1.1449,6.5834,1
20780,-0.0356,-0.9462,3.7717,1
20790,0.267,-0.6306,2.4152,1
20800,-0.1584,-0.3712,2.4318,1
20810,-0.4796,0.0534,2.5619,1
20820,-0.4779,0.5281,2.2556,1
20830,-0.4488,0.6958,1.8065,1
20840,0.0415,0.7549,0.9028,1
20850,0.2668,1.1559,0.267,1
20860,0.236,1.2696,0.0847,1
20870,0.1257,1.2693,0.012,1
20880,0.0168,1.2008,-0.0998,1
20890,-0.0683,1.0507,-0.2541,1
20900,-0.1855,0.821,-0.2843,1
20910,-0.3588,0.5281,-0.1206,1
20920,-0.369,0.296,0.0735,1
20930,-0.318,0.2499,0.4371,1
20940,-0.4264,0.1045,1.0602,1
20950,-0.3427,-0.1386,1.3967,1
20960,-0.0437,-0.3783,1.4189,1
20970,0.1826,-0.5801,1.5368,1
20980,0.3068,-0.7439,1.7379,1
20990,0.4369,-0.936,1.8138,1
21000,0.5679,-1.0573,1.7362,1
21010,0.6677,-1.1737,1.5634,1
21020,0.7192,-1.2249,1.3718,1
21030,0.6233,-1.1661,1.3394,1
21040,0.3995,-1.025,1.4646,1
21050,0.1572,-0.8427,1.56,1
21060,0.0178,-0.636,1.49,1
21070,-0.094,-0.4003,1.3787,1
21080,-0.246,-0.2553,1.2801,1
21090,-0.2797,-0.1345,1.0321,1
21100,-0.2279,0.0002,0.7507,1
21110,-0.2382,0.1049,0.626,1
21120,-0.2812,0.1835,0.6404,1
21130,-0.2675,0.2633,0.6929,1
21140,-0.2057,0.3363,0.7241,1
21150,-0.0886,0.3356,0.6734,1
21160,0.0195,0.3073,0.6099,1
21170,0.0915,0.2563,0.6023,1
21180,0.1621,0.2053,0.6302,1
21190,0.1794,0.1589,0.7317,1
21200,0.176,0.0527,0.8176,1
21210,0.186,-0.0452,0.8498,1
21220,0.1706,-0.1806,0.8901,1
21230,0.1186,-0.3236,0.9396,1
21240,0.1191,-0.4381,0.9604,1
21250,0.1628,-0.4986,0.9491,1
21260,0.156,-0.5491,1.0104,1
21270,0.1218,-0.5762,1.1005,1
21280,0.0971,-0.5718,1.18,1
21290,0.073,-0.5338,1.2469,1
21300,0.0427,-0.4803,1.2901,1
21310,0.0459,-0.4178,1.2444,1
21320,0.102,-0.33,1.1239,1
21330,0.1235,-0.2187,1.0541,1
21340,0.0864,-0.1137,1.0819,1
21350,0.0332,-0.0286,1.1251,1
21360,0.021,0.041,1.0973,1
21370,0.0376,0.0805,1.0209,1
21380,0.0325,0.0991,0.9709,1
21390,-0.0261,0.091,1.0077,1
21400,-0.0832,0.053,1.0468,1
21410,-0.0681,0.0095,0.9987,1
21420,-0.0539,-0.04,0.9862,1
21430,-0.0666,-0.0986,1.0407,1
21440,-0.0669,-0.1672,1.1044,1
21450,-0.0229,-0.2201,1.1205,1
21460,0.0652,-0.2567,1.0914,1
21470,0.1738,-0.2743,1.0514,1
21480,0.268,-0.2643,1.0419,1
21490,0.2846,-0.2392,1.1178,1
21500,0.255,-0.2214,1.2174,1
21510,0.2016,-0.2282,1.2491,1
21520,0.1108,-0.2743,1.2164,1
21530,0.0288,-0.3429,1.1075,1
21540,-0.0117,-0.4005,0.9548,1
21550,-0.0466,-0.4154,0.8662,1
21560,-0.0471,-0.3966,0.8081,1
21570,0.0183,-0.3287,0.7475,1
21580,0.1125,-0.2216,0.7261,1
21590,0.1704,-0.093,0.799,1
21600,0.1496,-0.0159,0.9408,1
21610,0.0986,-0.0012,1.0326,1
21620,0.0564,-0.0356,1.0238,1
21630,0.0207,-0.101,0.9692,1
21640,0.0088,-0.1721,0.8901,1
21650,0.0447,-0.2206,0.7854,1
21660,0.1125,-0.2272,0.7102,1
21670,0.1535,-0.1757,0.7729,1
21680,0.1799,-0.1147,0.9096,1
21690,0.2153,-0.0588,1.0006,1
21700,0.2167,-0.0337,1.057,1
21710,0.174,-0.0554,1.1063,1
21720,0.0984,-0.1096,1.131,1
21730,0.0264,-0.1718,1.0987,1
21740,-0.0444,-0.2636,1.0285,1
21750,-0.0952,-0.3588,0.9206,1
21760,-0.1059,-0.423,0.8032,1
21770,-0.0947,-0.4405,0.7563,1
21780,-0.0735,-0.4015,0.8037,1
21790,-0.0054,-0.3351,0.8649,1
21800,0.0591,-0.2375,0.9589,1
21810,0.0803,-0.1416,1.1192,1
21820,0.101,-0.0625,1.2515,1
21830,0.1699,-0.0017,1.242,1
21840,0.2397,0.0373,1.1412,1
21850,0.2497,0.039,1.0643,1
21860,0.2133,0.0103,1.007,1
21870,0.1396,-0.0251,0.9777,1
21880,0.0608,-0.0718,0.9526,1
21890,0.0093,-0.1242,0.8879,1
21900,0.0012,-0.156,0.7912,1
21910,-0.0185,-0.1433,0.8044,1
21920,-0.0452,-0.1318,0.8903,1
21930,-0.0159,-0.113,0.9194,1
21940,0.0383,-0.1062,0.904,1
21950,0.0586,-0.1264,0.9123,1
21960,0.0654,-0.1674,0.9181,1
21970,0.0913,-0.2021,0.8891,1
21980,0.1379,-0.1955,0.853,1
21990,0.1725,-0.1569,0.8749,1
22000,0.2035,-0.0874,0.9145,1
22010,0.2445,-0.0105,0.9096,1
22020,0.2648,0.0393,0.8676,1
22030,0.2279,0.052,0.8215,1
22040,0.1189,0.012,0.8044,1
22050,0.0039,-0.063,0.7356,1
22060,-0.0361,-0.1394,0.564,1
22070,-0.0151,-0.1645,0.379,1
22080,0.0386,-0.1372,0.2658,1
22090,0.1132,-0.0825,0.2143,1
22100,0.2116,-0.0178,0.1713,1
22110,0.2772,0.052,0.1655,1
22120,0.2575,0.0864,0.2182,1
22130,0.1789,0.0837,0.2658,1
22140,0.113,0.0456,0.236,1
22150,0.0913,0.0154,0.1291,1
22160,0.1128,0.0093,0.0093,1
22170,0.1398,0.039,-0.0666,1
22180,0.1528,0.0583,-0.1267,1
22190,0.1516,0.0654,-0.2258,1
22200,0.1445,0.0254,-0.4242,1
22210,0.1025,-0.0378,-0.6328,1
22220,-0.0103,-0.0952,-0.738,1
22230,-0.0891,-0.104,-0.8459,1
22240,-0.1333,-0.0859,-0.9318,1
22250,-0.1733,-0.0644,-1.0841,1
22260,-0.2609,-0.091,-1.2413,1
22270,-0.4081,-0.1189,-1.3177,1
22280,-0.5972,-0.122,-1.2152,1
22290,-0.7529,-0.0251,-0.8178,1
22300,-0.7212,0.134,-0.3004,1
22310,-0.5347,0.2658,0.1538,1
22320,-0.3463,0.3344,0.6736,1
22330,-0.35,0.4147,1.47,1
22340,-0.8461,0.2885,2.794,1
22350,-1.254,-0.1045,4.1797,1
22360,-1.4321,-0.3915,5.0915,1
22370,-1.4263,-0.7105,5.7002,1
22380,-1.1671,-0.9589,6.0189,1
22390,-1.1476,-0.9799,6.8007,1
22400,-1.2659,-0.7829,7.6524,1
22410,-0.6077,-0.7319,6.9464,1
22420,0.2079,-0.4149,5.3893,1
22430,0.4754,0.0439,4.2193,1
22440,0.1599,0.3983,3.7412,1
22450,-0.3224,0.7012,3.5701,1
22460,-0.6099,0.9582,3.1337,1
22470,-0.5089,0.943,2.0323,1
22480,-0.3734,1.2259,1.1134,1
22490,-0.5403,1.3672,0.7246,1
22500,-0.687,1.3426,0.3871,1
22510,-0.731,1.3682,-0.0176,1
22520,-0.758,1.3284,-0.2863,1
22530,-0.83,1.1959,-0.3202,1
22540,-0.8637,0.9887,-0.2455,1
22550,-0.782,0.7678,-0.1518,1
22560,-0.6009,0.5455,0.0188,1
22570,-0.3612,0.3949,0.3256,1
22580,-0.144,0.329,0.8071,1
22590,-0.1062,0.2528,1.4887,1
22600,-0.0605,0.0168,2.0454,1
22610,0.2294,-0.2751,2.1135,1
22620,0.5006,-0.5001,2.1021,1
22630,0.5972,-0.7517,2.2119,1
22640,0.6648,-0.9901,2.1882,1
22650,0.7761,-1.1759,1.9544,1
22660,0.8274,-1.284,1.6725,1
22670,0.71,-1.3618,1.4609,1
22680,0.5047,-1.385,1.2947,1
22690,0.2589,-1.2913,1.1944,1
22700,-0.0452,-1.1048,1.2523,1
22710,-0.3231,-0.8679,1.357,1
22720,-0.45,-0.615,1.3111,1
22730,-0.4288,-0.3519,1.1424,1
22740,-0.3571,-0.0952,1.0141,1
22750,-0.2841,0.1455,0.9809,1
22760,-0.2111,0.32,0.9425,1
22770,-0.1342,0.4303,0.8527,1
22780,-0.0242,0.4688,0.7068,1
22790,0.0739,0.4971,0.5716,1
22800,0.1469,0.5381,0.5728,1
22810,0.1284,0.5591,0.6968,1
22820,0.1257,0.5135,0.7895,1
22830,0.1772,0.4478,0.7822,1
22840,0.2101,0.3697,0.7805,1
22850,0.166,0.2702,0.9123,1
22860,-0.0124,0.1013,1.048,1
22870,-0.0041,-0.1281,0.9467,1
22880,0.0766,-0.3065,0.8103,1
22890,0.0517,-0.4845,0.9135,1
22900,0.0251,-0.5987,1.0914,1
22910,0.0718,-0.6568,1.2081,1
22920,0.1667,-0.6675,1.253,1
22930,0.2753,-0.6531,1.2547,1
22940,0.3539,-0.6158,1.2574,1
22950,0.3983,-0.5538,1.233,1
22960,0.4278,-0.4603,1.1842,1
22970,0.3702,-0.3185,1.1964,1
22980,0.2868,-0.197,1.2149,1
22990,0.2011,-0.063,1.2188,1
23000,0.1096,0.0547,1.2176,1
23010,0.0281,0.1193,1.1842,1
23020,-0.0259,0.1633,1.0868,1
23030,-0.0288,0.164,0.9299,1
23040,-0.0354,0.1516,0.822,1
23050,-0.0527,0.1464,0.7949,1
23060,-0.0547,0.133,0.8047,1
23070,-0.0215,0.1206,0.8066,1
23080,0.0459,0.0959,0.8029,1
23090,0.0966,0.0908,0.8723,1
23100,0.1206,0.0522,1.0053,1
23110,0.1862,0.0005,1.0538,1
23120,0.2487,-0.062,1.0407,1
23130,0.1872,-0.174,1.1192,1
23140,0.1408,-0.3141,1.1131,1
23150,0.1977,-0.4056,0.9721,1
23160,0.2143,-0.4383,0.926,1
23170,0.1779,-0.4622,0.9875,1
23180,0.1786,-0.4535,1.0231,1
23190,0.2221,-0.3939,1.017,1
23200,0.2362,-0.3256,1.0382,1
23210,0.1772,-0.299,1.0926,1
23220,0.0739,-0.3302,1.1007,1
23230,0.0657,-0.349,0.943,1
23240,0.0954,-0.3212,0.8103,1
23250,0.0329,-0.2377,0.9123,1
23260,-0.0073,-0.1503,1.0702,1
23270,0.0683,-0.0452,1.0856,1
23280,0.1606,0.0627,1.0292,1
23290,0.1545,0.0869,1.0209,1
23300,0.1057,0.0486,1.0004,1
23310,0.0962,-0.0171,0.8823,1
23320,0.1372,-0.0708,0.7244,1
23330,0.1486,-0.093,0.7007,1
23340,0.1513,-0.0871,0.7964,1
23350,0.1865,-0.0608,0.8935,1
23360,0.2192,-0.0398,0.9726,1
23370,0.2179,-0.0805,1.0167,1
23380,0.1904,-0.1562,1.0331,1
23390,0.1372,-0.2585,1.0353,1
23400,0.1037,-0.3629,0.9921,1
23410,0.0883,-0.4498,0.9328,1
23420,0.1001,-0.4991,0.8796,1
23430,0.1416,-0.4984,0.8627,1
23440,0.1862,-0.4298,0.9318,1
23450,0.2345,-0.3209,1.0497,1
23460,0.2772,-0.2211,1.1327,1
23470,0.2775,-0.1547,1.1871,1
23480,0.2377,-0.1347,1.2078,1
23490,0.2004,-0.1518,1.1505,1
23500,0.1603,-0.1728,1.0577,1
23510,0.111,-0.196,0.986,1
23520,0.082,-0.2065,0.9257,1
23530,0.0896,-0.1874,0.861,1
23540,0.1171,-0.1525,0.811,1
23550,0.1264,-0.1242,0.8281,1
23560,0.1106,-0.0979,0.8918,1
23570,0.0971,-0.0896,0.9655,1
23580,0.1086,-0.0825,1.0136,1
23590,0.1279,-0.0888,1.0399,1
23600,0.1686,-0.1123,1.0119,1
23610,0.2399,-0.1286,0.9262,1
23620,0.2919,-0.1308,0.8791,1
23630,0.2909,-0.1274,0.903,1
23640,0.2687,-0.1328,0.9352,1
23650,0.2502,-0.1274,0.9272,1
23660,0.2184,-0.1362,0.9177,1
23670,0.1808,-0.1428,0.9018,1
23680,0.1525,-0.1413,0.8932,1
23690,0.1418,-0.1142,0.8932,1
23700,0.1669,-0.0769,0.8593,1
23710,0.2048,-0.0444,0.7817,1
23720,0.207,-0.0412,0.7065,1
23730,0.1813,-0.0603,0.6292,1
23740,0.1359,-0.0966,0.5596,1
23750,0.0669,-0.1245,0.532,1
23760,0.0566,-0.1545,0.4444,1
23770,0.1018,-0.1623,0.3151,1
23780,0.1599,-0.1523,0.1818,1
23790,0.217,-0.1418,0.0686,1
23800,0.2746,-0.1242,-0.0747,1
23810,0.2938,-0.111,-0.1784,1
23820,0.2494,-0.0764,-0.2053,1
23830,0.1916,-0.0666,-0.2997,1
23840,0.1457,-0.0644,-0.4557,1
23850,0.0527,-0.0798,-0.6338,1
23860,-0.1113,-0.0925,-0.771,1
23870,-0.2607,-0.1115,-0.8757,1
23880,-0.4137,-0.1355,-1.1966,1
23890,-0.7134,-0.1059,-1.2864,1
23900,-1.1478,0.0561,-1.0668,1
23910,-1.5996,0.2494,-0.6973,1
23920,-1.8185,0.4125,-0.4879,1
23930,-1.6345,0.5274,-0.6851,1
23940,-1.1149,0.7907,-0.8308,1
23950,-0.7146,0.9916,-0.5174,1
23960,-0.4237,0.9809,-0.0761,1
23970,0.0303,0.7854,0.0495,1
23980,0.4879,0.5533,0.0249,1
23990,0.6199,0.4786,1.1336,1
24000,-0.5823,0.2053,3.697,1
24010,-2.2314,-0.3439,6.9957,1
24020,-3.5818,-0.2341,7.997,1
24030,-4.5573,0.0305,7.997,1
24040,-3.2953,-0.5359,7.997,1
24050,-0.1845,-1.2828,6.4548,1
24060,1.9437,-1.3206,3.0217,1
24070,2.5555,-0.9103,1.9195,1
24080,2.2361,-0.6206,2.1555,1
24090,1.8072,-0.1232,2.2658,1
24100,1.4897,0.1586,1.9207,1
24110,0.8989,0.3954,1.7704,1
24120,0.1142,0.5381,1.9237,1
24130,-0.3927,0.6087,1.8146,1
24140,-0.6582,0.6575,1.4358,1
24150,-0.854,0.7334,1.0965,1
24160,-0.9726,0.6663,0.6961,1
24170,-0.9626,0.5423,0.1987,1
24180,-0.8974,0.4374,-0.1826,1
24190,-0.8908,0.3324,-0.2006,1
24200,-0.9516,0.2248,0.1157,1
24210,-0.9172,0.093,0.4864,1
24220,-0.7668,-0.0225,0.8188,1
24230,-0.5106,-0.2301,1.0651,1
24240,-0.1855,-0.3946,1.2674,1
24250,0.1345,-0.5176,1.4946,1
24260,0.45,-0.6441,1.652,1
24270,0.7515,-0.7244,1.7035,1
24280,0.9413,-0.8027,1.7226,1
24290,0.9628,-0.894,1.7594,1
24300,0.8701,-0.9599,1.7528,1
24310,0.6887,-1.0043,1.6903,1
24320,0.4476,-1.0062,1.5581,1
24330,0.1684,-0.9687,1.4121,1
24340,-0.1191,-0.8703,1.3113,1
24350,-0.3617,-0.7363,1.2288,1
24360,-0.5154,-0.5757,1.14,1
24370,-0.5489,-0.4078,1.0094,1
24380,-0.4647,-0.2204,0.8518,1
24390,-0.3422,-0.0471,0.7231,1
24400,-0.2587,0.0883,0.6646,1
24410,-0.237,0.1525,0.6643,1
24420,-0.184,0.1713,0.6365,1
24430,-0.102,0.1826,0.6162,1
24440,-0.0159,0.1789,0.6336,1
24450,0.0852,0.1486,0.6228,1
24460,0.2118,0.093,0.5884,1
24470,0.3107,0.0434,0.6489,1
24480,0.3314,-0.0049,0.8571,1
24490,0.2865,-0.06,1.1405,1
24500,0.2536,-0.1713,1.3203,1
24510,0.2838,-0.2821,1.2998,1
24520,0.3283,-0.41,1.1817,1
24530,0.2694,-0.5389,1.1339,1
24540,0.165,-0.6607,1.1202,1
24550,0.0852,-0.7368,1.0651,1
24560,0.0068,-0.7536,1.0634,1
24570,-0.0578,-0.7205,1.1124,1
24580,-0.0688,-0.6448,1.1546,1
24590,-0.0198,-0.5228,1.1485,1
24600,0.053,-0.3819,1.1376,1
24610,0.0905,-0.2524,1.1456,1
24620,0.1223,-0.1418,1.1088,1
24630,0.0988,-0.0622,1.0739,1
24640,0.0112,-0.0473,1.0336,1
24650,-0.0718,-0.0574,0.9555,1
24660,-0.1418,-0.0627,0.9159,1
24670,-0.1745,-0.0403,0.9169,1
24680,-0.1577,-0.0212,0.9018,1
24690,-0.1025,-0.0144,0.8376,1
24700,-0.0481,-0.0359,0.7541,1
24710,-0.001,-0.0683,0.6829,1
24720,0.0276,-0.0962,0.6502,1
24730,-0.0127,-0.1486,0.707,1
24740,-0.0691,-0.2114,0.7698,1
24750,-0.1189,-0.2719,0.8305,1
24760,-0.1364,-0.2953,0.8906,1
24770,-0.072,-0.3014,0.862,1
24780,0.0383,-0.3034,0.7544,1
24790,0.1218,-0.307,0.6468,1
24800,0.1508,-0.3319,0.5633,1
24810,0.1262,-0.3488,0.5298,1
24820,0.06,-0.3595,0.5511,1
24830,-0.0032,-0.3527,0.5848,1
24840,-0.0586,-0.3097,0.6702,1
24850,-0.1076,-0.2524,0.7837,1
24860,-0.0869,-0.1772,0.8437,1
24870,-0.0005,-0.0957,0.8249,1
24880,0.0783,-0.0422,0.7751,1
24890,0.1237,-0.0486,0.6985,1
24900,0.1106,-0.0869,0.6468,1
24910,0.0603,-0.144,0.638,1
24920,0.0078,-0.196,0.6687,1
24930,-0.0481,-0.2214,0.7707,1
24940,-0.0625,-0.2155,0.8976,1
24950,-0.0205,-0.1882,0.9977,1
24960,0.0386,-0.1484,1.1085,1
24970,0.092,-0.1276,1.1981,1
24980,0.1599,-0.1494,1.1937,1
24990,0.1911,-0.1906,1.1549,1
25000,0.1616,-0.2624,1.1493,1
25010,0.1018,-0.3341,1.1861,1
25020,0.0356,-0.3605,1.2759,1
25030,-0.0088,-0.3751,1.345,1
25040,0.0127,-0.3754,1.3213,1
25050,0.0591,-0.35,1.2757,1
25060,0.0595,-0.3031,1.302,1
25070,0.0339,-0.287,1.3423,1
25080,0.0298,-0.2943,1.2725,1
25090,0.0132,-0.3346,1.1732,1
25100,-0.0473,-0.3495,1.1832,1
25110,-0.1333,-0.3241,1.3372,1
25120,-0.1887,-0.2533,1.5251,1
25130,-0.1516,-0.1838,1.5805,1
25140,-0.0681,-0.1208,1.5393,1
25150,0.001,-0.073,1.4758,1
25160,0.0657,-0.0559,1.366,1
25170,0.0754,-0.0625,1.2793,1
25180,0.011,-0.0998,1.2647,1
25190,-0.0605,-0.1525,1.2462,1
25200,-0.0886,-0.1786,1.1942,1
25210,-0.0937,-0.1574,1.1764,1
25220,-0.0498,-0.1162,1.1725,1
25230,0.0642,-0.0561,1.0709,1
25240,0.1774,-0.0205,0.9123,1
25250,0.1845,-0.0466,0.8027,1
25260,0.1376,-0.125,0.6946,1
25270,0.1137,-0.2013,0.5142,1
25280,0.1467,-0.248,0.2924,1
25290,0.2262,-0.2406,0.0857,1
25300,0.3009,-0.1508,-0.0044,1
25310,0.3573,-0.0337,0.0078,1
25320,0.3229,0.0388,0.0542,1
25330,0.2167,0.01,0.0081,1
25340,0.1579,-0.1159,-0.3141,1
25350,0.1501,-0.2941,-0.8435,1
25360,0.2367,-0.4517,-1.4963,1
25370,0.2999,-0.6101,-2.0738,1
25380,0.3744,-0.5799,-2.4603,1
25390,0.3197,-0.3578,-2.606,1
25400,-0.3414,0.0063,-1.8177,1
25410,-1.3616,0.3388,-0.4891,1
25420,-1.6762,0.5179,-0.1267,1
25430,-1.3999,0.719,-0.453,1
25440,-1.12,0.9718,-0.6543,1
25450,-0.9335,1.0504,-0.4437,1
25460,-0.7097,1.1324,-0.083,1
25470,-0.4327,1.1807,0.4359,1
25480,-0.2628,1.0714,1.0202,1
25490,-0.1557,0.7392,1.5166,1
25500,-0.0903,0.6387,2.565,1
25510,-0.9555,0.1862,4.1551,1
25520,-1.601,-0.339,5.5813,1
25530,-1.9195,-0.7461,6.4658,1
25540,-1.6088,-1.0726,6.4292,1
25550,-1.1776,-1.4324,6.0702,1
25560,-0.3397,-2.7781,6.5822,1
25570,0.9862,-3.8459,5.7973,1
25580,0.9408,-2.5641,5.3788,1
25590,-0.0517,-1.3194,5.1311,1
25600,-1.0216,-0.6075,5.6782,1
25610,-1.2296,-0.0293,5.5674,1
25620,-1.0802,0.5777,4.7974,1
25630,-1.0414,0.7187,4.159,1
25640,-1.0507,1.0624,3.6118,1
25650,-0.8847,1.2796,2.7659,1
25660,-0.3719,1.2588,1.6596,1
25670,-0.1811,1.5258,0.8935,1
25680,-0.2582,1.4734,0.5584,1
25690,-0.2956,1.3033,0.1418,1
25700,-0.2707,1.1397,-0.3141,1
25710,-0.2797,0.9445,-0.6397,1
25720,-0.3561,0.6675,-0.7148,1
25730,-0.4356,0.4195,-0.5872,1
25740,-0.3678,0.2702,-0.3995,1
25750,-0.2343,0.2187,-0.091,1
25760,-0.1725,0.1603,0.4232,1
25770,-0.1235,0.0103,0.8669,1
25780,-0.0317,-0.1884,1.0587,1
25790,0.1342,-0.4891,1.0685,1
25800,0.2836,-0.7239,1.0717,1
25810,0.3802,-0.9189,1.1293,1
25820,0.4281,-1.0477,1.2098,1
25830,0.4657,-1.1351,1.2352,1
25840,0.4793,-1.1729,1.2178,1
25850,0.4273,-1.1629,1.2225,1
25860,0.3146,-1.1202,1.2296,1
25870,0.1791,-1.0346,1.2025,1
25880,0.0046,-0.9323,1.1612,1
25890,-0.1206,-0.8044,1.0372,1
25900,-0.1542,-0.6294,0.8742,1
25910,-0.1877,-0.4122,0.8252,1
25920,-0.2128,-0.1869,0.871,1
25930,-0.1979,0.0098,0.9211,1
25940,-0.1362,0.164,0.9142,1
25950,-0.0532,0.2819,0.8749,1
25960,0.0159,0.3353,0.841,1
25970,0.0586,0.3622,0.8425,1
25980,0.0779,0.3629,0.8708,1
25990,0.0786,0.3285,0.9247,1
26000,0.0671,0.2755,0.9911,1
26010,0.0752,0.1826,1.0285,1
26020,0.0971,0.0627,1.035,1
26030,0.1235,-0.0676,1.0324,1
26040,0.1528,-0.206,1.0253,1
26050,0.1723,-0.3444,1.0277,1
26060,0.1901,-0.4583,1.026,1
26070,0.1706,-0.5643,1.0678,1
26080,0.1511,-0.6419,1.1119,1
26090,0.143,-0.6738,1.1444,1
26100,0.1247,-0.6817,1.189,1
26110,0.1247,-0.6697,1.1825,1
26120,0.1538,-0.6438,1.118,1
26130,0.1728,-0.5835,1.0619,1
26140,0.1789,-0.5028,1.025,1
26150,0.2028,-0.3939,0.9904,1
26160,0.247,-0.2528,0.9479,1
26170,0.2716,-0.1091,0.9186,1
26180,0.2143,-0.0041,0.9567,1
26190,0.1306,0.0498,0.9723,1
26200,0.0747,0.0766,0.9303,1
26210,0.0452,0.0862,0.8642,1
26220,0.019,0.0713,0.8256,1
26230,0.0068,0.0305,0.7964,1
26240,0.0261,-0.0159,0.7861,1
26250,0.0769,-0.0378,0.8366,1
26260,0.1552,-0.0383,0.9147,1
26270,0.2126,-0.0417,1.0394,1
26280,0.2028,-0.0732,1.2156,1
26290,0.1457,-0.1474,1.3938,1
26300,0.1213,-0.2426,1.4568,1
26310,0.1394,-0.3429,1.4019,1
26320,0.1743,-0.4295,1.2984,1
26330,0.2131,-0.4957,1.1878,1
26340,0.2345,-0.5164,1.1014,1
26350,0.2392,-0.4898,1.0829,1
26360,0.1933,-0.4132,1.1571,1
26370,0.1528,-0.3334,1.2235,1
26380,0.1394,-0.2502,1.1934,1
26390,0.1084,-0.1977,1.1214,1
26400,0.0266,-0.1806,1.0595,1
26410,-0.0849,-0.1913,0.9987,1
26420,-0.1613,-0.2243,0.9013,1
26430,-0.152,-0.2411,0.7383,1
26440,-0.132,-0.2236,0.6658,1
26450,-0.1281,-0.1867,0.7166,1
26460,-0.0891,-0.134,0.8232,1
26470,-0.0088,-0.0788,0.8945,1
26480,0.0893,-0.0478,0.9264,1
26490,0.143,-0.051,0.9696,1
26500,0.1684,-0.091,1.0121,1
26510,0.1982,-0.145,0.9906,1
26520,0.2331,-0.1967,0.9343,1
26530,0.2489,-0.2345,0.904,1
26540,0.225,-0.2692,0.9116,1
26550,0.1757,-0.3017,0.9147,1
26560,0.1242,-0.3348,0.9096,1
26570,0.0644,-0.3585,0.9035,1
26580,0.0315,-0.3629,0.8784,1
26590,0.0278,-0.3427,0.8671,1
26600,0.0439,-0.2721,0.8893,1
26610,0.093,-0.1987,0.9045,1
26620,0.1401,-0.1069,0.9301,1
26630,0.135,-0.0522,0.9801,1
26640,0.0905,-0.0644,0.9865,1
26650,0.0517,-0.1135,0.9194,1
26660,0.0449,-0.163,0.8259,1
26670,0.0805,-0.1664,0.7517,1
26680,0.1298,-0.1211,0.7805,1
26690,0.1633,-0.0495,0.8791,1
26700,0.1943,-0.0071,0.954,1
26710,0.1901,-0.0046,1.0038,1
26720,0.1474,-0.053,1.0182,1
26730,0.0866,-0.1459,0.9848,1
26740,0.04,-0.2372,0.9257,1
26750,0.0056,-0.3041,0.8911,1
26760,0.0081,-0.3307,0.854,1
26770,0.0727,-0.3143,0.789,1
26780,0.1569,-0.2375,0.7461,1
26790,0.1389,-0.1904,0.7861,1
26800,0.0595,-0.2053,0.7685,1
26810,0.0315,-0.2604,0.5711,1
26820,-0.0041,-0.297,0.3275,1
26830,-0.0556,-0.3121,0.1633,1
26840,0.0081,-0.2306,-0.0569,1
26850,0.1381,-0.1259,-0.3502,1
26860,0.1955,-0.0818,-0.6106,1
26870,0.112,-0.0637,-0.8039,1
26880,-0.0364,-0.0508,-0.9565,1
26890,-0.1894,-0.0334,-1.079,1
26900,-0.3041,0.011,-1.1527,1
26910,-0.3351,0.1289,-1.1463,1
26920,-0.2543,0.3534,-1.047,1
26930,-0.2636,0.5892,-0.8369,1
26940,-0.2641,0.7312,-0.7624,1
26950,-0.2167,0.8256,-0.8315,1
26960,-0.2177,0.9167,-0.8662,1
26970,-0.3226,0.9489,-0.7554,1
26980,-0.4896,0.8964,-0.4647,1
26990,-0.5996,0.7773,-0.1679,1
27000,-0.5484,0.577,-0.0173,1
27010,-0.3602,0.441,0.164,1
27020,-0.8513,0.3431,1.3933,1
27030,-1.6733,-0.1786,3.1264,1
27040,-2.2785,-0.6028,4.4814,1
27050,-2.5943,-0.861,5.7485,1
27060,-3.1466,-0.7102,7.997,1
27070,-4.2339,-0.1364,7.997,1
27080,-3.0312,-0.9538,7.997,1
27090,-0.0905,-1.2994,7.619,1
27100,1.4104,-1.0194,4.5785,1
27110,1.7531,-0.9081,3.1684,1
27120,1.5361,-0.534,2.9577,1
27130,1.1295,0.0727,2.8569,1
27140,0.6863,0.2265,2.5877,1
27150,0.0564,0.3881,2.3586,1
27160,-0.4774,0.5242,1.9134,1
27170,-0.7063,0.4796,1.0553,1
27180,-0.8962,0.4364,0.3571,1
27190,-1.0997,0.4129,-0.0442,1
27200,-1.1995,0.3275,-0.441,1
27210,-1.13,0.265,-0.874,1
27220,-1.0199,0.2348,-1.1324,1
27230,-0.9206,0.235,-1.0424,1
27240,-0.8464,0.3173,-0.617,1
27250,-0.7214,0.3717,-0.0832,1
27260,-0.4627,0.3758,0.3161,1
27270,-0.1262,0.36,0.5777,1
27280,0.2011,0.3285,0.7873,1
27290,0.4622,0.2951,1.0346,1
27300,0.5855,0.2153,1.2559,1
27310,0.7593,0.0295,1.2603,1
27320,0.8393,-0.1384,1.2279,1
27330,0.7346,-0.3478,1.2879,1
27340,0.5467,-0.5772,1.3611,1
27350,0.3485,-0.7568,1.3428,1
27360,0.1777,-0.9157,1.2298,1
27370,0.032,-1.0163,1.0853,1
27380,-0.0879,-1.0458,0.9806,1
27390,-0.1518,-1.0123,0.881,1
27400,-0.1804,-0.905,0.8142,1
27410,-0.1735,-0.7566,0.792,1
27420,-0.1328,-0.5721,0.83,1
27430,-0.1067,-0.3529,0.9552,1
27440,-0.0574,-0.1862,1.039,1
27450,0.0461,-0.0566,0.9591,1
27460,0.1579,0.0251,0.8144,1
27470,0.2031,0.0854,0.7583,1
27480,0.193,0.1335,0.7966,1
27490,0.1572,0.166,0.8676,1
27500,0.1057,0.1586,0.8959,1
27510,0.0766,0.0991,0.8191,1
27520,0.0161,0.0327,0.7737,1
27530,-0.0859,-0.0432,0.8234,1
27540,-0.1706,-0.1496,0.852,1
27550,-0.1721,-0.2509,0.8054,1
27560,-0.1364,-0.3244,0.7605,1
27570,-0.0937,-0.3888,0.7629,1
27580,-0.0195,-0.4339,0.7585,1
27590,0.0869,-0.4554,0.7366,1
27600,0.183,-0.4469,0.7512,1
27610,0.2309,-0.4032,0.8498,1
27620,0.2245,-0.3619,0.9948,1
27630,0.2314,-0.3383,1.0387,1
27640,0.2399,-0.3217,1.0031,1
27650,0.2021,-0.3104,0.9909,1
27660,0.1359,-0.2992,1.0011,1
27670,0.0757,-0.2824,0.9936,1
27680,0.0408,-0.2677,0.9374,1
27690,0.0149,-0.2531,0.873,1
27700,-0.022,-0.2301,0.8547,1
27710,-0.0581,-0.2104,0.8664,1
27720,-0.0932,-0.1989,0.892,1
27730,-0.1254,-0.2094,0.914,1
27740,-0.1267,-0.2287,0.9081,1
27750,-0.092,-0.2355,0.9047,1
27760,-0.0332,-0.2287,0.9103,1
27770,0.0222,-0.2192,0.9447,1
27780,0.0669,-0.2192,0.9828,1
27790,0.0954,-0.2323,1.008,1
27800,0.1023,-0.2607,1.0331,1
27810,0.0981,-0.3019,1.0368,1
27820,0.0739,-0.3563,1.0219,1
27830,0.0608,-0.4142,0.9706,1
27840,0.0827,-0.4339,0.8969,1
27850,0.1088,-0.4115,0.8806,1
27860,0.0932,-0.3846,0.9367,1
27870,0.0727,-0.3729,0.9818,1
27880,0.0476,-0.3617,1.0267,1
27890,0.0164,-0.3417,1.1097,1
27900,-0.0207,-0.3385,1.2279,1
27910,-0.0171,-0.33,1.2886,1
27920,0.0532,-0.3124,1.2925,1
27930,0.0859,-0.2658,1.4348,1
27940,0.0373,-0.2311,1.7387,1
27950,-0.0808,-0.2043,2.1655,1
27960,-0.2995,-0.2431,2.6939,1
27970,-0.4276,-0.3439,2.9592,1
27980,-0.3395,-0.4632,2.7908,1
27990,-0.1872,-0.5464,2.5487,1
28000,-0.1323,-0.6128,2.517,1
28010,-0.2053,-0.668,2.7149,1
28020,-0.3619,-0.6736,3.113,1
28030,-0.5032,-0.6716,3.4217,1
28040,-0.4513,-0.7139,3.3167,1
28050,-0.2948,-0.74,2.956,1
28060,-0.1545,-0.7598,2.5406,1
28070,-0.0964,-0.731,2.2478,1
28080,-0.1623,-0.6299,2.1414,1
28090,-0.2345,-0.4974,2.0669,1
28100,-0.2275,-0.3605,1.8453,1
28110,-0.1486,-0.2558,1.4765,1
28120,-0.1193,-0.238,1.0582,1
28130,0.0356,-0.288,0.36,1
28140,0.4037,-0.3078,-0.4915,1
28150,0.5804,-0.2716,-0.9203,1
28160,0.4347,-0.2448,-0.8554,1
28170,0.1906,-0.248,-0.7602,1
28180,0.1057,-0.3434,-1.0853,1
28190,0.2382,-0.4674,-1.8041,1
28200,0.289,-0.5989,-2.3793,1
28210,0.0447,-0.6453,-2.4418,1
28220,-0.5179,-0.5284,-1.9139,1
28230,-1.1991,-0.3629,-1.1314,1
28240,-1.5385,-0.2189,-0.7966,1
28250,-1.4626,-0.0632,-0.9391,1
28260,-1.2896,0.1364,-0.9726,1
28270,-1.1932,0.3161,-0.6441,1
28280,-1.0228,0.5008,-0.2482,1
28290,-0.6856,0.7942,0.2289,1
28300,-0.4708,1.078,0.8474,1
28310,-0.2101,1.172,1.2857,1
28320,0.1518,1.2252,1.3596,1
28330,0.4483,1.2154,1.3655,1
28340,0.5855,1.0924,1.4504,1
28350,0.6145,0.853,1.5488,1
28360,0.6572,0.604,1.487,1
28370,0.7429,0.4439,1.3623,1
28380,0.4964,0.3341,1.6276,1
28390,0.2272,-0.0273,1.8878,1
28400,0.0988,-0.278,1.8177,1
28410,0.0464,-0.5152,1.6425,1
28420,-0.0127,-0.7146,1.4741,1
28430,-0.0288,-0.883,1.2637,1
28440,0.012,-0.9574,1.0411,1
28450,0.0229,-0.9411,0.9633,1
28460,0.0129,-0.8713,1.0329,1
28470,0.0093,-0.7307,1.2056,1
28480,0.0176,-0.5359,1.4075,1
28490,0.0691,-0.3473,1.5322,1
28500,0.1457,-0.1711,1.57,1
28510,0.1935,-0.0329,1.5544,1
28520,0.2121,0.0493,1.4931,1
28530,0.2314,0.1006,1.3823,1
28540,0.2565,0.1362,1.2174,1
28550,0.2692,0.1386,1.0272,1
28560,0.2031,0.1113,0.9303,1
28570,0.0539,0.0325,0.9408,1
28580,-0.0727,-0.0779,0.9225,1
28590,-0.1142,-0.1894,0.8317,1
28600,-0.1108,-0.269,0.7741,1
28610,-0.1049,-0.3336,0.8093,1
28620,-0.0674,-0.3702,0.885,1
28630,0.0093,-0.3768,0.9535,1
28640,0.1218,-0.3746,1.0023,1
28650,0.266,-0.36,0.9977,1
28660,0.4134,-0.3187,0.9674,1
28670,0.462,-0.2836,1.0016,1
28680,0.3983,-0.2719,1.11,1
28690,0.3275,-0.2702,1.1602,1
28700,0.3204,-0.276,1.0753,1
28710,0.2875,-0.2509,1.0153,1
28720,0.1855,-0.2477,1.0553,1
28730,0.0898,-0.2641,1.0634,1
28740,0.0561,-0.2792,0.9601,1
28750,0.0491,-0.2934,0.8352,1
28760,0.0342,-0.3039,0.7717,1
28770,0.0222,-0.2765,0.813,1
28780,0.0276,-0.2255,0.9057,1
28790,0.0776,-0.1786,0.9713,1
28800,0.1372,-0.1398,1.0241,1
28810,0.1716,-0.1267,1.0902,1
28820,0.1923,-0.1477,1.1341,1
28830,0.2148,-0.1752,1.1288,1
28840,0.2414,-0.2048,1.0963,1
28850,0.2548,-0.2231,1.069,1
28860,0.2694,-0.2311,1.0407,1
28870,0.267,-0.2189,1.0228,1
28880,0.2426,-0.1938,1.0451,1
28890,0.2101,-0.1679,1.0626,1
28900,0.1867,-0.1494,1.0463,1
28910,0.1652,-0.1298,1.0155,1
28920,0.1391,-0.1125,0.9958,1
28930,0.1572,-0.1035,0.903,1
28940,0.1938,-0.0852,0.7805,1
28950,0.1891,-0.0642,0.7239,1
28960,0.1721,-0.0532,0.7214,1
28970,0.1657,-0.0325,0.7314,1
28980,0.1855,-0.0015,0.7212,1
28990,0.2138,0.0322,0.7351,1
29000,0.2089,0.0637,0.8198,1
29010,0.215,0.0908,0.8906,1
29020,0.2682,0.0847,0.8542,1
29030,0.3253,0.0727,0.7617,1
29040,0.3341,0.0461,0.7134,1
29050,0.237,-0.0085,0.7846,1
29060,0.1384,-0.0974,0.8164,1
29070,0.1601,-0.155,0.6555,1
29080,0.2592,-0.1633,0.443,1
29090,0.3363,-0.1211,0.3297,1
29100,0.3331,-0.0871,0.3514,1
29110,0.2621,-0.0627,0.4496,1
29120,0.1979,-0.0686,0.4669,1
29130,0.2358,-0.0818,0.2916,1
29140,0.3414,-0.0678,-0.0037,1
29150,0.4608,-0.0608,-0.3617,1
29160,0.5201,-0.0788,-0.6482,1
29170,0.3959,-0.0842,-0.7017,1
29180,-0.0066,-0.0886,-0.4847,1
29190,-0.4791,-0.2106,-0.3214,1
29200,-0.6263,-0.3273,-0.6824,1
29210,-0.6101,-0.3629,-1.1886,1
29220,-0.8552,-0.3329,-1.1991,1
29230,-1.3225,-0.3514,-0.9391,1
29240,-1.5114,-0.3815,-0.9989,1
29250,-1.5044,-0.3114,-1.0973,1
29260,-1.5647,-0.2194,-0.8403,1
29270,-1.5607,-0.163,-0.339,1
29280,-1.2686,-0.0566,0.1538,1
29290,-0.7724,0.0503,0.5806,1
29300,-0.328,0.1181,1.1512,1
29310,-0.0408,0.0986,1.8409,1
29320,0.1965,-0.0403,2.2941,1
29330,0.5694,-0.2338,2.5882,1
29340,0.779,-0.4222,2.8843,1
29350,0.6353,-0.7119,3.4427,1
29360,0.4198,-0.9909,4.055,1
29370,0.1274,-1.1361,4.5929,1
29380,-0.2663,-1.0975,5.0447,1
29390,-1.069,-1.0646,5.9879,1
29400,-2.27,-0.5901,7.5809,1
29410,-2.9277,-0.2233,7.997,1
29420,-2.1882,-0.1447,6.9385,1
29430,-0.9174,0.1513,4.5917,1
29440,-0.3046,0.4942,3.3321,1
29450,-0.2892,0.7851,3.1415,1
29460,-0.3085,0.9674,2.9238,1
29470,-0.1938,1.0143,2.1426,1
29480,0.2914,0.9906,0.9067,1
29490,0.3878,1.0202,0.0761,1
29500,0.0869,0.8298,-0.0681,1
29510,-0.2772,0.6177,-0.1027,1
29520,-0.3951,0.3514,-0.3505,1
29530,-0.4627,0.1972,-0.4181,1
29540,-0.7212,-0.0532,-0.2404,1
29550,-0.7949,-0.3114,-0.0903,1
29560,-0.6992,-0.5528,-0.0657,1
29570,-0.4569,-0.7524,-0.0605,1
29580,-0.2533,-0.8691,0.1779,1
29590,-0.0966,-0.9713,0.534,1
29600,0.0905,-1.0143,0.7954,1
29610,0.3312,-1.049,0.9055,1
29620,0.5623,-1.0485,0.926,1
29630,0.7048,-1.0475,0.9343,1
29640,0.7629,-1.0209,0.8991,1
29650,0.7646,-0.9343,0.8357,1
29660,0.6687,-0.8171,0.8227,1
29670,0.4696,-0.6587,0.8864,1
29680,0.2543,-0.4666,0.974,1
29690,0.0369,-0.2536,1.097,1
29700,-0.2126,-0.1032,1.2047,1
29710,-0.3817,-0.0139,1.1781,1
29720,-0.4217,0.0549,1.0233,1
29730,-0.4022,0.1206,0.8647,1
29740,-0.3309,0.1704,0.7219,1
29750,-0.2035,0.2072,0.5996,1
29760,-0.0735,0.2436,0.5589,1
29770,0.0168,0.256,0.6092,1
29780,0.0552,0.2287,0.731,1
29790,0.093,0.1523,0.8381,1
29800,0.1542,0.0517,0.8852,1
29810,0.2187,-0.0498,0.9111,1
29820,0.2394,-0.1699,0.9784,1
29830,0.2726,-0.269,1.0353,1
29840,0.3329,-0.3466,1.0172,1
29850,0.3934,-0.4081,0.9635,1
29860,0.3859,-0.4522,0.9533,1
29870,0.2802,-0.4932,1.0402,1
29880,0.156,-0.512,1.1051,1
29890,0.0852,-0.5108,1.0687,1
29900,0.0288,-0.4708,1.0123,1
29910,-0.0012,-0.39,0.9401,1
29920,-0.0049,-0.2792,0.8688,1
29930,0.0176,-0.1389,0.8249,1
29940,-0.0156,-0.0188,0.8447,1
29950,-0.103,0.0559,0.9482,1
29960,-0.1972,0.1062,1.0597,1
29970,-0.248,0.1176,1.119,1
29980,-0.2485,0.1186,1.12,1
29990,-0.1747,0.0847,1.0031,1
30000,-0.042,0.0405,0.7956,1
30010,0.0776,0.0012,0.6565,1
30020,0.1489,-0.0283,0.6519,1
30030,0.1364,-0.0669,0.7954,1
30040,0.0586,-0.1462,0.9794,1
30050,0.0195,-0.2421,1.0851,1
30060,0.0115,-0.3378,1.1295,1
30070,0.0364,-0.4247,1.1168,1
30080,0.111,-0.491,1.0519,1
30090,0.1806,-0.5279,1.0048,1
30100,0.2282,-0.5425,1.0038,1
30110,0.2206,-0.5433,1.0678,1
30120,0.166,-0.5633,1.1263,1
30130,0.1887,-0.5933,0.9892,1
30140,0.299,-0.575,0.7278,1
30150,0.3563,-0.4986,0.6067,1
30160,0.299,-0.4171,0.7488,1
30170,0.2043,-0.3366,1.0006,1
30180,0.1838,-0.2877,1.129,1
30190,0.2753,-0.3165,1.0058,1
30200,0.4212,-0.3763,0.7456,1
30210,0.5772,-0.4576,0.5008,1
30220,0.7278,-0.5174,0.3815,1
30230,0.8115,-0.5367,0.5374,1
30240,0.8154,-0.5367,0.9447,1
30250,0.8344,-0.5806,1.3535,1
30260,0.9211,-0.6814,1.5729,1
30270,1.1397,-0.8274,1.572,1
30280,1.3777,-0.9479,1.5715,1
30290,1.5463,-0.9853,1.7284,1
30300,1.6486,-1.0084,1.9571,1
30310,1.7216,-1.0563,2.1089,1
30320,1.7099,-1.1502,2.0596,1
30330,1.6525,-1.2835,1.8412,1
30340,1.4729,-1.4006,1.5954,1
30350,1.128,-1.4272,1.4826,1
30360,0.6172,-1.4099,1.4826,1
30370,-0.0161,-1.4075,1.5051,1
30380,-0.6931,-1.3267,1.5439,1
30390,-1.2845,-1.193,1.5498,1
30400,-1.7565,-1.026,1.5417,1
30410,-2.1033,-0.8191,1.5559,1
30420,-2.3993,-0.4615,1.7909,1
30430,-2.6119,-0.05,2.1936,1
30440,-2.5936,0.3353,2.4677,1
30450,-2.3454,0.6853,2.5018,1
30460,-2.0259,0.9196,2.5157,1
30470,-1.6996,1.1129,2.3837,1
30480,-1.2959,1.0741,1.9778,1
30490,-0.8749,0.9882,1.4036,1
30500,-0.4957,0.8969,0.8749,1
30510,-0.4059,0.8281,0.769,1
30520,-0.481,0.7146,0.9904,1
30530,-0.6892,0.6367,1.3838,1
30540,-0.9142,0.3383,1.5442,1
30550,-0.852,0.0696,1.2337,1
30560,-0.7568,-0.2514,0.9208,1
30570,-0.6533,-0.5089,0.7727,1
30580,-0.5421,-0.6992,0.7986,1
30590,-0.3939,-0.7893,0.923,1
30600,-0.1364,-0.7878,1.0084,1
30610,0.1728,-0.7368,1.0504,1
30620,0.3605,-0.6492,1.1886,1
30630,0.4332,-0.5608,1.4048,1
30640,0.4735,-0.4561,1.5961,1
30650,0.4918,-0.3505,1.6935,1
30660,0.5067,-0.2858,1.6454,1
30670,0.5093,-0.248,1.5014,1
30680,0.4383,-0.2214,1.408,1
30690,0.3058,-0.2182,1.3611,1
30700,0.1762,-0.2209,1.2786,1
30710,0.051,-0.246,1.1778,1
30720,-0.1269,-0.317,1.1109,1
30730,-0.2538,-0.3976,0.9982,1
30740,-0.2685,-0.4581,0.8047,1
30750,-0.2301,-0.4688,0.6643,1
30760,-0.2062,-0.4559,0.6489,1
30770,-0.1796,-0.4269,0.7078,1
30780,-0.1235,-0.3612,0.7883,1
30790,-0.0566,-0.3068,0.8522,1
30800,0.0127,-0.2748,0.8779,1
30810,0.0837,-0.2341,0.8762,1
30820,0.1374,-0.2074,0.8625,1
30830,0.1608,-0.1855,0.8444,1
30840,0.1608,-0.1567,0.8415,1
30850,0.1103,-0.1367,0.8828,1
30860,0.0227,-0.1355,0.9452,1
30870,-0.0801,-0.1752,0.965,1
30880,-0.1516,-0.2341,0.9045,1
30890,-0.2084,-0.2956,0.821,1
30900,-0.2402,-0.3473,0.7461,1
30910,-0.2443,-0.3405,0.7344,1
30920,-0.2353,-0.2946,0.8076,1
30930,-0.2362,-0.2546,0.9386,1
30940,-0.2136,-0.2172,1.0311,1
30950,-0.1779,-0.2319,1.0377,1
30960,-0.1518,-0.2802,1.0004,1
30970,-0.1801,-0.3322,0.9962,1
30980,-0.2428,-0.391,1.0797,1
30990,-0.2438,-0.3807,1.1407,1
31000,-0.2018,-0.3656,1.1605,1
31010,-0.1513,-0.359,1.1234,1
31020,-0.0984,-0.3497,1.0602,1
31030,-0.0813,-0.3339,1.047,1
31040,-0.0666,-0.3341,1.0123,1
31050,-0.0588,-0.3161,0.9938,1
31060,-0.0593,-0.298,0.9879,1
31070,-0.0373,-0.2838,0.9438,1
31080,0.0212,-0.2441,0.8713,1
31090,0.1108,-0.1935,0.7915,1
31100,0.1542,-0.1608,0.7639,1
31110,0.1335,-0.1535,0.8195,1
31120,0.1047,-0.1674,0.883,1
31130,0.1391,-0.2035,0.8603,1
31140,0.227,-0.2443,0.7827,1
31150,0.3358,-0.2692,0.7356,1
31160,0.4022,-0.2829,0.7861,1
31170,0.4088,-0.3092,0.9284,1
31180,0.3768,-0.3568,1.0853,1
31190,0.3573,-0.4251,1.1512,1
31200,0.3195,-0.5301,1.1395,1
31210,0.258,-0.6497,1.0778,1
31220,0.2404,-0.7356,0.9499,1
31230,0.2331,-0.7707,0.8261,1
31240,0.1769,-0.7663,0.7954,1
31250,0.0854,-0.7253,0.8427,1
31260,-0.0371,-0.6629,0.9382,1
31270,-0.1686,-0.5679,1.0563,1
31280,-0.2956,-0.464,1.1717,1
31290,-0.3924,-0.391,1.1881,1
31300,-0.4259,-0.3217,1.0968,1
31310,-0.4125,-0.2548,0.9272,1
31320,-0.3458,-0.2057,0.6546,1
31330,-0.3007,-0.1257,0.484,1
31340,-0.4539,0.0227,0.7195,1
31350,-0.7441,0.1245,1.1834,1
31360,-0.9055,0.193,1.4238,1
31370,-0.9167,0.2309,1.3582,1
31380,-0.882,0.2153,1.1676,1
31390,-0.8854,0.2431,1.1549,1
31400,-1.0382,0.3624,1.5146,1
31410,-1.2618,0.4698,2.0215,1
31420,-1.4268,0.5669,2.3854,1
31430,-1.5573,0.6233,2.6082,1
31440,-1.6789,0.5935,2.7115,1
31450,-1.6674,0.513,2.5157,1
31460,-1.4268,0.3724,1.8468,1
31470,-1.0843,0.1962,0.945,1
31480,-0.8317,0.0605,0.2348,1
31490,-0.8889,-0.0788,0.0493,1
31500,-1.056,-0.2709,0.1218,1
31510,-1.1129,-0.4559,0.1581,1
31520,-0.9767,-0.6987,0.1064,1
31530,-0.5601,-0.9413,0.011,1
31540,-0.0498,-1.0995,0.1381,1
31550,0.3485,-1.1746,0.6724,1
31560,0.596,-1.149,1.5956,1
31570,0.6624,-1.0934,2.752,1
31580,0.5887,-1.0375,3.8334,1
31590,0.658,-1.1661,4.3562,1
31600,1.243,-1.6901,4.3057,1
31610,1.7206,-2.1548,3.807,1
31620,1.8892,-2.37,3.2301,1
31630,1.509,-2.1299,2.9843,1
31640,0.9472,-1.5751,2.712,1
31650,0.6746,-1.273,2.1467,1
31660,0.4198,-1.1829,1.6637,1
31670,0.1496,-0.954,1.3035,1
31680,-0.1213,-0.8564,1.191,1
31690,-0.37,-0.5774,1.202,1
31700,-0.4588,-0.3532,1.1415,1
31710,-0.419,-0.1586,1.0084,1
31720,-0.3007,0.0988,0.9211,1
31730,-0.2648,0.3475,0.9552,1
31740,-0.278,0.4491,0.9684,1
31750,-0.2365,0.5482,0.9111,1
31760,-0.1525,0.6153,0.7898,1
31770,0.0151,0.6065,0.5823,1
31780,0.1298,0.7061,0.5931,1
31790,0.0527,0.7336,0.8361,1
31800,0.022,0.6177,0.9245,1
31810,0.1235,0.4949,0.731,1
31820,0.2114,0.3934,0.5872,1
31830,0.1433,0.31,0.8152,1
31840,-0.1733,0.1274,1.2459,1
31850,-0.3283,-0.1301,1.3963,1
31860,-0.3639,-0.3968,1.3074,1
31870,-0.3317,-0.6785,1.1595,1
31880,-0.2946,-0.8681,1.0917,1
31890,-0.2626,-1.0019,1.1336,1
31900,-0.2189,-1.0565,1.2156,1
31910,-0.1464,-1.0514,1.2745,1
31920,-0.0749,-1.0087,1.2886,1
31930,-0.0022,-0.9174,1.2776,1
31940,0.0229,-0.7854,1.2972,1
31950,-0.0059,-0.6365,1.3433,1
31960,-0.032,-0.4718,1.3282,1
31970,-0.0293,-0.3012,1.2332,1
31980,-0.0337,-0.132,1.1278,1
31990,-0.0588,0.0298,1.0499,1
32000,-0.0991,0.1655,1.0087,1
32010,-0.155,0.2587,0.9701,1
32020,-0.1916,0.2956,0.8962,1
32030,-0.2143,0.2992,0.8237,1
32040,-0.2272,0.2782,0.7578,1
32050,-0.2101,0.2255,0.6907,1
32060,-0.1623,0.1633,0.6499,1
32070,-0.1262,0.1096,0.6919,1
32080,-0.0835,0.0317,0.7868,1
32090,-0.0378,-0.0439,0.9086,1
32100,-0.0329,-0.1381,1.0568,1
32110,-0.0452,-0.2658,1.1817,1
32120,-0.0442,-0.4029,1.2286,1
32130,-0.0522,-0.5179,1.2596,1
32140,-0.0439,-0.6138,1.2476,1
32150,-0.012,-0.6646,1.1998,1
32160,0.002,-0.6831,1.1617,1
32170,-0.0105,-0.667,1.1485,1
32180,-0.0444,-0.6236,1.1556,1
32190,-0.0974,-0.5418,1.1829,1
32200,-0.1252,-0.4369,1.1666,1
32210,-0.1674,-0.3163,1.1461,1
32220,-0.2179,-0.1987,1.1344,1
32230,-0.2348,-0.1001,1.0922,1
32240,-0.2245,0.0015,1.0121,1
32250,-0.2011,0.0883,0.934,1
32260,-0.1938,0.144,0.8784,1
32270,-0.1799,0.1733,0.8025,1
32280,-0.1821,0.1643,0.7402,1
32290,-0.1887,0.1452,0.7105,1
32300,-0.1562,0.1335,0.6907,1
32310,-0.0832,0.1296,0.6829,1
32320,-0.039,0.1313,0.7605,1
32330,-0.0776,0.0969,0.9477,1
32340,-0.1281,0.0171,1.108,1
32350,-0.1018,-0.1013,1.0638,1
32360,-0.0061,-0.2553,0.8432,1
32370,0.0747,-0.3522,0.7022,1
32380,0.0935,-0.3588,0.7639,1
32390,0.0908,-0.3134,0.9096,1
32400,0.0705,-0.2536,1.035,1
32410,-0.0251,-0.2516,1.1171,1
32420,-0.1555,-0.2999,1.1109,1
32430,-0.2997,-0.3485,1.0724,1
32440,-0.4217,-0.4117,1.0065,1
32450,-0.401,-0.4261,0.8476,1
32460,-0.3561,-0.3839,0.7912,1
32470,-0.3558,-0.3539,0.8754,1
32480,-0.3104,-0.3632,0.9199,1
32490,-0.1913,-0.3961,0.8586,1
32500,-0.051,-0.4618,0.7917,1
32510,0.0913,-0.5101,0.8317,1
32520,0.1533,-0.5133,1.1151,1
32530,0.1437,-0.543,1.5393,1
32540,0.2438,-0.6236,1.767,1
32550,0.5508,-0.7473,1.6493,1
32560,0.9591,-0.8913,1.3553,1
32570,1.3584,-1.037,1.2083,1
32580,1.561,-1.1173,1.4482,1
32590,1.631,-1.2071,1.9966,1
32600,1.5661,-1.1898,2.5997,1
32610,2.0044,-2.0569,4.1468,1
32620,2.7242,-2.4823,3.9283,1
32630,2.9133,-3.038,3.3929,1
32640,2.0218,-3.758,3.141,1
32650,0.9465,-3.0231,3.4344,1
32660,-0.2965,-1.612,3.3597,1
32670,-1.4324,-1.1505,3.4859,1
32680,-2.5655,-0.894,3.7673,1
32690,-3.2987,-0.4798,3.6504,1
32700,-3.5823,-0.4171,3.1471,1
32710,-3.8893,-0.0168,2.9821,1
32720,-4.0994,0.3524,3.0846,1
32730,-3.9545,0.7183,3.0148,1
32740,-3.5981,1.079,2.9568,1
32750,-3.1932,1.4136,3.0566,1
32760,-2.7486,1.6867,3.1923,1
32770,-1.9576,1.5544,2.5936,1
32780,-1.1639,1.7387,1.9979,1
32790,-0.6104,1.7489,1.7455,1
32800,-0.2062,1.6174,1.5505,1
32810,-0.0434,1.4089,1.5298,1
32820,-0.0305,1.1349,1.6059,1
32830,-0.0798,0.7651,1.6401,1
32840,-0.3466,0.6236,2.043,1
32850,-0.8593,0.1318,2.5758,1
32860,-0.9079,-0.4181,2.2627,1
32870,-0.6821,-0.7463,1.7006,1
32880,-0.5421,-1.0558,1.4319,1
32890,-0.4435,-1.2532,1.3616,1
32900,-0.3632,-1.3448,1.3899,1
32910,-0.268,-1.3894,1.4085,1
32920,-0.0971,-1.3782,1.3369,1
32930,0.0883,-1.2964,1.2413,1
32940,0.1789,-1.1368,1.2757,1
32950,0.1594,-0.9142,1.4448,1
32960,0.0976,-0.6475,1.6327,1
32970,0.021,-0.3968,1.7155,1
32980,-0.0173,-0.1911,1.6198,1
32990,-0.0154,-0.0198,1.4107,1
33000,-0.032,0.111,1.2069,1
33010,-0.0766,0.2216,1.0638,1
33020,-0.0918,0.2855,0.9023,1
33030,-0.0515,0.3214,0.7114,1
33040,-0.0317,0.3373,0.5948,1
33050,-0.0793,0.3143,0.5848,1
33060,-0.1467,0.2245,0.607,1
33070,-0.1786,0.1174,0.5899,1
33080,-0.1833,-0.0278,0.5762,1
33090,-0.2138,-0.185,0.636,1
33100,-0.2197,-0.3568,0.7249,1
33110,-0.184,-0.4923,0.84,1
33120,-0.1601,-0.5831,1.0175,1
33130,-0.1047,-0.6548,1.1478,1
33140,0.0049,-0.6914,1.1847,1
33150,0.0813,-0.6921,1.2183,1
33160,0.0957,-0.6868,1.282,1
33170,0.0888,-0.6782,1.2781,1
33180,0.0793,-0.6475,1.1983,1
33190,0.0473,-0.5933,1.1009,1
33200,-0.0303,-0.5352,1.0258,1
33210,-0.1223,-0.4517,0.9611,1
33220,-0.1808,-0.3629,0.864,1
33230,-0.2082,-0.2733,0.7722,1
33240,-0.2306,-0.1691,0.7344,1
33250,-0.2585,-0.0796,0.7536,1
33260,-0.2626,-0.0356,0.7397,1
33270,-0.2145,-0.0295,0.6536,1
33280,-0.1516,-0.0288,0.584,1
33290,-0.1306,-0.0574,0.6001,1
33300,-0.1242,-0.1128,0.6709,1
33310,-0.0932,-0.1801,0.7302,1
33320,-0.0293,-0.2572,0.7551,1
33330,-0.0027,-0.3434,0.852,1
33340,-0.0842,-0.4483,1.1,1
33350,-0.2011,-0.5843,1.3313,1
33360,-0.2314,-0.7341,1.395,1
33370,-0.1725,-0.8591,1.3062,1
33380,-0.1023,-0.9389,1.213,1
33390,-0.0549,-0.9831,1.1663,1
33400,-0.0095,-0.9857,1.1097,1
33410,0.0254,-0.9391,1.0865,1
33420,-0.0188,-0.8378,1.1888,1
33430,-0.0905,-0.7266,1.3235,1
33440,-0.1455,-0.6148,1.3718,1
33450,-0.1408,-0.5198,1.2635,1
33460,-0.103,-0.452,1.0499,1
33470,-0.0664,-0.3715,0.8615,1
33480,-0.0813,-0.2792,0.8186,1
33490,-0.1135,-0.1591,0.8903,1
33500,-0.103,-0.0622,0.9538,1
33510,-0.0325,0.0161,0.9281,1
33520,0.0032,0.051,0.9047,1
33530,-0.0351,-0.0156,0.883,1
33540,0.0149,-0.101,0.7285,1
33550,0.1396,-0.1057,0.6009,1
33560,0.2018,-0.0503,0.7146,1
33570,0.1996,0.0132,0.9731,1
33580,0.2306,0.0893,1.1854,1
33590,0.2719,0.1674,1.3318,1
33600,0.2968,0.1899,1.418,1
33610,0.3544,0.2109,1.4148,1
33620,0.4198,0.2768,1.3945,1
33630,0.4376,0.3502,1.4214,1
33640,0.4249,0.4508,1.4941,1
33650,0.3829,0.5794,1.6262,1
33660,0.3236,0.6367,1.7516,1
33670,0.2765,0.659,1.7433,1
33680,0.2965,0.6612,1.5607,1
33690,0.4046,0.6646,1.3108,1
33700,0.4349,0.8542,1.3682,1
33710,0.472,1.0802,1.5715,1
33720,0.6162,1.3045,1.643,1
33730,0.7532,1.5061,1.6454,1
33740,0.8427,1.4724,1.5359,1
33750,0.8125,1.4475,1.529,1
33760,0.7536,1.3357,1.5005,1
33770,0.7832,1.2562,1.2901,1
33780,0.7451,1.1663,1.1307,1
33790,0.5975,0.9562,0.9406,1
33800,0.4723,0.6209,0.5318,1
33810,0.3173,0.3614,0.2663,1
33820,-0.6094,0.1589,1.1205,1
33830,-1.7484,-0.379,2.2712,1
33840,-2.4232,-0.7031,2.7015,1
33850,-2.7317,-1.0497,2.6417,1
33860,-2.781,-1.2676,2.4088,1
33870,-2.7993,-1.4514,2.4035,1
33880,-2.7879,-1.6398,2.5257,1
33890,-2.4969,-1.7643,2.4667,1
33900,-1.99,-1.8831,2.2287,1
33910,-1.3999,-1.9683,1.9793,1
33920,-0.8305,-1.9693,1.848,1
33930,-0.3529,-1.8768,1.8258,1
33940,0.0708,-1.7223,1.797,1
33950,0.4417,-1.5183,1.6899,1
33960,0.6687,-1.231,1.5998,1
33970,0.6477,-0.8952,1.6674,1
33980,0.4042,-0.5757,1.8165,1
33990,0.176,-0.2724,1.8024,1
34000,-0.0181,-0.0115,1.6362,1
34010,-0.2172,0.2136,1.4983,1
34020,-0.451,0.5045,1.4983,1
34030,-0.6055,0.7234,1.541,1
34040,-0.7151,0.8754,1.5402,1
34050,-0.5203,0.9447,1.11,1
34060,-0.2597,1.161,0.7346,1
34070,-0.2013,1.2154,0.6485,1
34080,-0.1852,1.1378,0.6133,1
34090,-0.1418,1.036,0.5455,1
34100,-0.1755,0.8664,0.6328,1
34110,-0.2231,0.5967,0.7907,1
34120,-0.2341,0.492,1.1605,1
34130,-0.4901,0.3234,1.6813,1
34140,-0.4879,-0.0276,1.8326,1
34150,-0.2851,-0.34,1.6586,1
34160,-0.1272,-0.5789,1.6357,1
34170,-0.0735,-0.7944,1.7462,1
34180,0.0232,-0.9814,1.7648,1
34190,0.1884,-1.0507,1.6596,1
34200,0.3214,-1.0741,1.5593,1
34210,0.3702,-1.0646,1.4887,1
34220,0.3968,-1.0053,1.3836,1
34230,0.3937,-0.8686,1.2791,1
34240,0.307,-0.6704,1.2649,1
34250,0.1718,-0.4608,1.2998,1
34260,0.0444,-0.2475,1.3045,1
34270,-0.0581,-0.0744,1.2418,1
34280,-0.1315,0.0639,1.1266,1
34290,-0.1677,0.1591,0.9811,1
34300,-0.1826,0.2153,0.8149,1
34310,-0.193,0.256,0.7024,1
34320,-0.2033,0.2831,0.6699,1
34330,-0.2053,0.2921,0.6643,1
34340,-0.1843,0.2777,0.6624,1
34350,-0.156,0.2392,0.686,1
34360,-0.1481,0.174,0.7678,1
34370,-0.1284,0.0827,0.8671,1
34380,-0.0991,-0.022,0.9696,1
34390,-0.0874,-0.1452,1.08,1
34400,-0.0168,-0.2848,1.0756,1
34410,0.0815,-0.3912,1.0214,1
34420,0.102,-0.4874,1.0602,1
34430,0.0761,-0.576,1.1285,1
34440,0.072,-0.6407,1.138,1
34450,0.0671,-0.6748,1.1136,1
34460,0.0488,-0.6834,1.1056,1
34470,-0.0007,-0.6694,1.1131,1
34480,-0.0449,-0.6338,1.1048,1
34490,-0.0657,-0.5691,1.0726,1
34500,-0.0957,-0.4769,1.0521,1
34510,-0.1098,-0.3766,1.0353,1
34520,-0.1062,-0.2577,1.0182,1
34530,-0.1052,-0.1464,1.0038,1
34540,-0.0893,-0.0517,0.9814,1
34550,-0.1001,0.0298,0.9843,1
34560,-0.122,0.0488,0.9462,1
34570,-0.1298,0.0415,0.8737,1
34580,-0.1664,0.0063,0.821,1
34590,-0.1938,-0.0735,0.7461,1
34600,-0.2218,-0.1723,0.6646,1
34610,-0.2687,-0.2804,0.6587,1
34620,-0.3597,-0.4064,0.7461,1
34630,-0.4376,-0.5413,0.8422,1
34640,-0.4862,-0.658,0.9023,1
34650,-0.6043,-0.7766,1.0685,1
34660,-0.7656,-0.9296,1.2347,1
34670,-0.8928,-1.0863,1.2947,1
34680,-1.131,-1.2254,1.5061,1
34690,-1.5781,-1.356,2.0601,1
34700,-2.0015,-1.5095,2.6617,1
34710,-2.2697,-1.6308,3.1061,1
34720,-2.4394,-1.7108,3.5125,1
34730,-2.4616,-1.7201,3.7087,1
34740,-2.1431,-1.8556,3.3785,1
34750,-1.4905,-2.0811,2.4386,1
34760,-0.8647,-2.2238,1.3811,1
34770,-0.5154,-2.3393,0.5547,1
34780,-0.2909,-2.4125,-0.114,1
34790,-0.4793,-2.1172,-0.1259,1
34800,-1.1412,-1.5915,0.605,1
34810,-1.8268,-0.8576,1.7906,1
34820,-2.5731,0.2084,3.6992,1
34830,-3.1671,1.1066,6.0248,1
34840,-3.5061,2.0418,7.997,1
34850,-3.758,3.3814,7.997,1
34860,-2.196,6.3499,7.997,1
34870,-0.6865,4.2939,7.997,1
34880,0.545,3.7665,6.2269,1
34890,1.3452,4.1541,3.8,1
34900,1.6,3.5537,2.8948,1
34910,1.304,3.0048,2.6558,1
34920,0.8747,2.4747,1.9107,1
34930,-0.1362,1.3675,1.1634,1
34940,-0.5386,1.0841,1.1515,1
34950,-1.202,0.8427,2.0169,1
34960,-1.7313,-0.2067,2.5536,1
34970,-1.6596,-0.4378,2.1467,1
34980,-1.0717,-0.5894,1.7155,1
34990,-0.9718,-0.7451,1.8941,1
35000,-1.2547,-1.0053,2.7066,1
35010,-1.0324,-1.4368,2.5921,1
35020,-0.2384,-1.6288,1.9349,1
35030,0.2721,-1.6991,1.8048,1
35040,0.4298,-1.8168,2.0645,1
35050,0.6382,-1.7889,2.1155,1
35060,0.9482,-1.6891,1.8983,1
35070,1.1251,-1.5,1.7345,1
35080,0.955,-1.2635,1.8351,1
35090,0.5994,-0.9857,2.0384,1
35100,0.2736,-0.6958,2.0572,1
35110,-0.0144,-0.4022,1.8536,1
35120,-0.2511,-0.1704,1.6115,1
35130,-0.4415,0.062,1.4194,1
35140,-0.586,0.2572,1.2698,1
35150,-0.6587,0.3951,1.0765,1
35160,-0.6326,0.4557,0.7951,1
35170,-0.5411,0.4854,0.5023,1
35180,-0.44,0.4774,0.2843,1
35190,-0.3385,0.4569,0.1965,1
35200,-0.2721,0.4276,0.2467,1
35210,-0.2131,0.3502,0.379,1
35220,-0.2536,0.2677,0.6743,1
35230,-0.2682,0.0847,0.9335,1
35240,-0.1503,-0.1296,1.0409,1
35250,-0.0754,-0.3668,1.1485,1
35260,0.0049,-0.5894,1.2505,1
35270,0.1135,-0.7729,1.313,1
35280,0.1857,-0.9157,1.3784,1
35290,0.2206,-1.0243,1.4192,1
35300,0.2445,-1.1088,1.4031,1
35310,0.2485,-1.1441,1.3562,1
35320,0.2377,-1.1334,1.2889,1
35330,0.1996,-1.066,1.2313,1
35340,0.1423,-0.9677,1.1639,1
35350,0.0984,-0.8051,1.0785,1
35360,0.0354,-0.5957,1.0682,1
35370,-0.0461,-0.3651,1.1229,1
35380,-0.0913,-0.1618,1.1468,1
35390,-0.1152,0.0146,1.1229,1
35400,-0.1176,0.1259,1.0438,1
35410,-0.111,0.1928,0.9555,1
35420,-0.0905,0.2279,0.8635,1
35430,-0.0571,0.2177,0.7646,1
35440,-0.0176,0.2023,0.6914,1
35450,0.0107,0.1833,0.6873,1
35460,0.0212,0.145,0.7683,1
35470,0.0154,0.0866,0.883,1
35480,0.0166,-0.0088,0.9923,1
35490,0.0149,-0.1352,1.0536,1
35500,0.0361,-0.2799,1.0699,1
35510,0.0764,-0.4137,1.0426,1
35520,0.113,-0.5396,1.0111,1
35530,0.1359,-0.6358,1.0082,1
35540,0.1611,-0.6821,1.0246,1
35550,0.1772,-0.6907,1.0736,1
35560,0.1989,-0.6756,1.0768,1
35570,0.2189,-0.6409,1.0653,1
35580,0.2077,-0.5716,1.0821,1
35590,0.1801,-0.4962,1.1129,1
35600,0.1591,-0.4122,1.1009,1
35610,0.132,-0.35,1.0463,1
35620,0.1128,-0.3012,0.9484,1
35630,0.1006,-0.2541,0.854,1
35640,0.0739,-0.2006,0.8029,1
35650,0.0517,-0.1579,0.7851,1
35660,0.0417,-0.1218,0.7622,1
35670,0.0334,-0.0923,0.7673,1
35680,0.0359,-0.0652,0.7876,1
35690,0.062,-0.0556,0.7966,1
35700,0.0918,-0.0632,0.8015,1
35710,0.0981,-0.1032,0.8198,1
35720,0.0915,-0.174,0.8452,1
35730,0.082,-0.2487,0.8747,1
35740,0.081,-0.3414,0.882,1
35750,0.0927,-0.4222,0.8769,1
35760,0.115,-0.4801,0.8771,1
35770,0.1579,-0.5064,0.8727,1
35780,0.2026,-0.4969,0.8915,1
35790,0.215,-0.462,0.9704,1
35800,0.2087,-0.4264,1.0507,1
35810,0.2092,-0.4022,1.066,1
35820,0.1877,-0.3861,1.0563,1
35830,0.1508,-0.379,1.0309,1
35840,0.1189,-0.3805,0.9821,1
35850,0.0835,-0.3829,0.9247,1
35860,0.0705,-0.3732,0.8459,1
35870,0.0796,-0.3429,0.7876,1
35880,0.0742,-0.299,0.799,1
35890,0.0666,-0.2553,0.8549,1
35900,0.0713,-0.2206,0.9167,1
35910,0.0766,-0.206,0.9596,1
35920,0.0783,-0.2214,0.9682,1
35930,0.0881,-0.2577,0.9452,1
35940,0.0808,-0.3036,0.9321,1
35950,0.0752,-0.3512,0.9235,1
35960,0.0935,-0.3859,0.9059,1
35970,0.125,-0.3939,0.9033,1
35980,0.1589,-0.3927,0.9089,1
35990,0.1943,-0.3785,0.9213,1
36000,0.2238,-0.3656,0.9316,1
36010,0.2594,-0.35,0.9091,1
36020,0.2567,-0.3524,0.9037,1
36030,0.2216,-0.3785,0.9055,1
36040,0.2016,-0.4105,0.8603,1
36050,0.1896,-0.4347,0.8137,1
36060,0.1616,-0.4483,0.8047,1
36070,0.1464,-0.4593,0.8056,1
36080,0.1486,-0.4513,0.8134,1
36090,0.1594,-0.4334,0.833,1
36100,0.1708,-0.4161,0.8642,1
36110,0.1882,-0.4,0.8884,1
36120,0.186,-0.399,0.9194,1
36130,0.1823,-0.41,0.9435,1
36140,0.1909,-0.4208,0.9394,1
36150,0.2057,-0.43,0.923,1
36160,0.2148,-0.4371,0.9106,1
36170,0.2216,-0.4408,0.8979,1
36180,0.205,-0.4291,0.9203,1
36190,0.175,-0.4195,0.9567,1
36200,0.1574,-0.4144,0.9711,1
36210,0.1442,-0.4112,0.9645,1
36220,0.1442,-0.4083,0.9367,1
36230,0.1274,-0.4134,0.923,1
36240,0.1015,-0.4244,0.9296,1
36250,0.1001,-0.433,0.9098,1
36260,0.1128,-0.4239,0.8964,1
36270,0.134,-0.4071,0.8854,1
36280,0.1603,-0.3902,0.8632,1
36290,0.1867,-0.3634,0.8459,1
36300,0.197,-0.3407,0.8635,1
36310,0.184,-0.3319,0.9091,1
36320,0.1782,-0.3336,0.9374,1
36330,0.1823,-0.3441,0.9328,1
